character_name,gender,house,spouse,parents,siblings,parent_of,royal,kingsguard,guardian_of,guarded_by,served_by,serves,allies,s1_episodes,s1_screenTime,s1_numOfCharactersInteractedWith,s1_numKilled,s1_bc,s1_ec,s1_shareOfScreenTime,s2_episodes,s2_screenTime,s2_numOfCharactersInteractedWith,s2_numKilled,s2_bc,s2_ec,s2_shareOfScreenTime,s3_episodes,s3_screenTime,s3_numOfCharactersInteractedWith,s3_numKilled,s3_bc,s3_ec,s3_shareOfScreenTime,s4_episodes,s4_screenTime,s4_numOfCharactersInteractedWith,s4_numKilled,s4_bc,s4_ec,s4_shareOfScreenTime,s5_episodes,s5_screenTime,s5_numOfCharactersInteractedWith,s5_numKilled,s5_bc,s5_ec,s5_shareOfScreenTime,s6_episodes,s6_screenTime,s6_numOfCharactersInteractedWith,s6_numKilled,s6_bc,s6_ec,s6_shareOfScreenTime,s7_episodes,s7_screenTime,s7_numOfCharactersInteractedWith,s7_numKilled,s7_bc,s7_ec,s7_shareOfScreenTime,is_dead,manner_of_death,killed_by,dead_in_season,duration_in_episodes
Addam Marbrand,male,,,,,,0,0,,,,,,1,1.27,4,0,0.0024,0.0003,0.24,0,0.0,0,0,0.0,-0.0,0.0,0,0.0,0,0,0.0,-0.0,0.0,0,0.0,0,0,0.0,0.0,0.0,0,0.0,0,0,0.0,-0.0,0.0,0,0.0,0,0,0.0,-0.0,0.0,0,0.0,0,0,0.0,0.0,0.0,0,,,,67
Aegon Targaryen,,Targaryen,,Elia Martell;Rhaegar Targaryen,Rhaenys Targaryen;Jon Snow,,1,0,,,,,,0,0.0,0,0,0.0,0.0,0.0,0,0.0,0,0,0.0,0.0,0.0,0,0.0,0,0,0.0,-0.0,0.0,0,0.0,0,0,0.0,-0.0,0.0,0,0.0,0,0,0.0,-0.0,0.0,0,0.0,0,0,0.0,0.0,0.0,0,0.0,0,0,0.0,-0.0,0.0,0,,,,67
Aeron Greyjoy,male,Greyjoy,,,Balon Greyjoy;Euron Greyjoy,,0,0,,,,,,0,0.0,0,0,0.0,-0.0,0.0,0,0.0,0,0,0.0,-0.0,0.0,0,0.0,0,0,0.0,0.0,0.0,0,0.0,0,0,0.0,0.0,0.0,0,0.0,0,0,0.0,0.0,0.0,2,10.02,4,1,0.0,0.0011,1.91,0,0.0,0,0,0.0,-0.0,0.0,0,,,,67
Aerys II Targaryen,,Targaryen,Rhaella Targaryen,,Rhaella Targaryen,Daenerys Targaryen;Rhaegar Targaryen;Viserys Targaryen,1,0,,,Arthur Dayne;Jaime Lannister,,,0,0.0,0,0,0.0,-0.0,0.0,0,0.0,0,0,0.0,-0.0,0.0,0,0.0,0,0,0.0,0.0,0.0,0,0.0,0,0,0.0,-0.0,0.0,0,0.0,0,0,0.0,-0.0,0.0,0,0.0,0,0,0.0,-0.0,0.0,0,0.0,0,0,0.0,0.0,0.0,0,,,,67
Akho,male,,,,,,0,0,,,,,,0,0.0,0,0,0.0,0.0,0.0,0,0.0,0,0,0.0,0.0,0.0,0,0.0,0,0,0.0,0.0,0.0,0,0.0,0,0,0.0,0.0,0.0,0,0.0,0,0,0.0,0.0,0.0,3,9.08,8,0,0.0,0.0001,1.73,0,0.0,0,0,0.0,0.0,0.0,1,Chest stab,Daario Naharis,s6,54
Alliser Thorne,male,,,,,,0,0,,,,,,4,19.03,10,0,0.001,0.0113,3.58,0,0.0,0,0,0.0,0.0,0.0,0,0.0,0,0,0.0,0.0,0.0,5,17.5,16,0,0.0003,0.0,3.4,7,21.61,15,1,0.0,-0.0,4.1,3,9.72,14,0,0.0,0.0741,1.85,0,0.0,0,0,0.0,-0.0,0.0,1,,Jon Snow,s6,53
Alton Lannister,male,Lannister,,,,,0,0,,,,,,0,0.0,0,0,0.0,0.0,0.0,3,10.0,11,0,0.0268,0.014,1.96,0,0.0,0,0,0.0,-0.0,0.0,0,0.0,0,0,0.0,0.0,0.0,0,0.0,0,0,0.0,0.0,0.0,0,0.0,0,0,0.0,-0.0,0.0,0,0.0,0,0,0.0,0.0,0.0,1,,Jaime Lannister,s2,17
Alys Karstark,female,,,Harald Karstark,,,0,0,,,,,,0,0.0,0,0,0.0,-0.0,0.0,0,0.0,0,0,0.0,-0.0,0.0,0,0.0,0,0,0.0,-0.0,0.0,0,0.0,0,0,0.0,-0.0,0.0,0,0.0,0,0,0.0,-0.0,0.0,0,0.0,0,0,0.0,-0.0,0.0,2,8.95,10,0,0.0,0.0247,2.15,0,,,,67
Amory Lorch,male,,,,,,0,0,,,,,,0,0.0,0,0,0.0,0.0,0.0,3,6.76,9,1,0.0012,0.0035,1.32,0,0.0,0,0,0.0,-0.0,0.0,0,0.0,0,0,0.0,-0.0,0.0,0,0.0,0,0,0.0,0.0,0.0,0,0.0,0,0,0.0,-0.0,0.0,0,0.0,0,0,0.0,0.0,0.0,1,Poison dart,Jaqen H'ghar,s2,16
Anguy,male,,,,,,0,0,,,,,,0,0.0,0,0,0.0,0.0,0.0,0,0.0,0,0,0.0,0.0,0.0,6,19.2,7,0,0.0,0.001,3.67,0,0.0,0,0,0.0,-0.0,0.0,0,0.0,0,0,0.0,-0.0,0.0,0,0.0,0,0,0.0,0.0,0.0,0,0.0,0,0,0.0,-0.0,0.0,0,,,,67
Archmaester Marwyn,,,,,,,0,0,,,,,,0,0.0,0,0,0.0,0.0,0.0,0,0.0,0,0,0.0,-0.0,0.0,0,0.0,0,0,0.0,0.0,0.0,0,0.0,0,0,0.0,0.0,0.0,0,0.0,0,0,0.0,-0.0,0.0,0,0.0,0,0,0.0,-0.0,0.0,0,0.0,0,0,0.0,-0.0,0.0,0,,,,67
Areo Hotah,male,,,,,,0,0,,,,Doran Martell,,0,0.0,0,0,0.0,0.0,0.0,0,0.0,0,0,0.0,0.0,0.0,0,0.0,0,0,0.0,-0.0,0.0,0,0.0,0,0,0.0,-0.0,0.0,5,10.69,9,0,0.0,-0.0,2.03,1,1.37,3,0,0.0,0.0,0.26,0,0.0,0,0,0.0,-0.0,0.0,1,Back stab,Tyene Sand,s6,51
Armeca,female,,,,,,0,0,,,,,,1,5.07,2,0,0.0,0.0037,0.95,3,5.43,5,0,0.0017,0.0199,1.06,0,0.0,0,0,0.0,-0.0,0.0,0,0.0,0,0,0.0,-0.0,0.0,0,0.0,0,0,0.0,-0.0,0.0,0,0.0,0,0,0.0,0.0,0.0,0,0.0,0,0,0.0,-0.0,0.0,0,,,,67
Arthur,male,,,,,,0,0,,,,,,0,0.0,0,0,0.0,0.0,0.0,0,0.0,0,0,0.0,-0.0,0.0,0,0.0,0,0,0.0,-0.0,0.0,0,0.0,0,0,0.0,-0.0,0.0,0,0.0,0,0,0.0,-0.0,0.0,2,3.11,10,0,0.0071,0.0,0.59,0,0.0,0,0,0.0,-0.0,0.0,0,,,,67
Arthur Dayne,male,,,,,,0,1,,,,Aerys II Targaryen,,0,0.0,0,0,0.0,-0.0,0.0,0,0.0,0,0,0.0,-0.0,0.0,0,0.0,0,0,0.0,-0.0,0.0,0,0.0,0,0,0.0,-0.0,0.0,0,0.0,0,0,0.0,0.0,0.0,1,4.77,5,0,0.0,0.0,0.91,0,0.0,0,0,0.0,0.0,0.0,1,Back stab,Howland Reed;Young Ned Stark,s6,53
Arya Stark,female,Stark,,Eddard Stark;Catelyn Stark,Robb Stark;Sansa Stark;Bran Stark;Rickon Stark,,0,0,,Nymeria,,,,9,60.94,42,1,0.0267,0.228,11.46,9,56.2,17,0,0.0017,0.0197,10.99,9,43.55,9,0,0.0035,0.0025,8.32,6,41.84,8,2,0.0013,0.0023,8.13,6,46.18,10,1,0.0044,0.0,8.76,8,38.23,12,4,0.0206,0.0,7.27,6,45.73,11,1,0.0042,0.0059,11.0,0,,,,67
Baby Sam,male,,,Samwell Tarly;Gilly,,,0,0,,,,,,0,0.0,0,0,0.0,-0.0,0.0,0,0.0,0,0,0.0,-0.0,0.0,6,20.48,9,0,0.0001,0.0006,3.91,3,9.67,8,0,0.0029,0.0,1.88,4,6.01,12,0,0.002,-0.0,1.14,3,13.33,5,0,0.0001,0.0,2.54,3,3.95,2,0,0.0,0.0001,0.95,0,,,,67
Balon Greyjoy,male,Greyjoy,,,Euron Greyjoy;Aeron Greyjoy,Yara Greyjoy;Theon Greyjoy,0,0,,,,,,0,0.0,0,0,0.0,-0.0,0.0,2,9.46,3,0,0.0,0.0001,1.85,1,2.72,1,0,0.0,-0.0,0.52,0,0.0,0,0,0.0,0.0,0.0,0,0.0,0,0,0.0,0.0,0.0,1,5.66,3,0,0.0,0.0001,1.08,0,0.0,0,0,0.0,-0.0,0.0,1,,Euron Greyjoy,s6,52
Baratheon Guard,,Baratheon,,,,,0,0,,,,,,0,0.0,0,0,0.0,0.0,0.0,0,0.0,0,0,0.0,0.0,0.0,0,0.0,0,0,0.0,0.0,0.0,0,0.0,0,0,0.0,0.0,0.0,0,0.0,0,0,0.0,-0.0,0.0,0,0.0,0,0,0.0,-0.0,0.0,0,0.0,0,0,0.0,0.0,0.0,0,,,,67
Barristan Selmy,male,,,,,,0,0,,,,Daenerys Targaryen,,6,32.25,22,0,0.0,0.1541,6.06,0,0.0,0,0,0.0,0.0,0.0,8,34.95,14,0,0.0001,0.0,6.68,7,27.23,8,0,0.0002,-0.0,5.29,4,15.19,6,0,0.0,0.1458,2.88,0,0.0,0,0,0.0,-0.0,0.0,0,0.0,0,0,0.0,-0.0,0.0,1,,Sons of the Harpy,s5,45
Benjen Stark,male,Stark,,Rickard Stark,Brandon Stark;Lyanna Stark;Eddard Stark,,0,0,,,,,,3,20.52,19,0,0.0051,0.0412,3.86,0,0.0,0,0,0.0,-0.0,0.0,0,0.0,0,0,0.0,-0.0,0.0,0,0.0,0,0,0.0,-0.0,0.0,0,0.0,0,0,0.0,0.0,0.0,2,5.25,2,0,0.0,0.0,1.0,1,0.95,1,0,0.0,0.0006,0.23,1,Multiple stabs,Wights,s7,66
Beric Dondarrion,male,,,,,,0,0,,,,,,1,4.08,3,0,0.0,0.0098,0.77,0,0.0,0,0,0.0,0.0,0.0,4,17.43,6,0,0.0,0.0008,3.33,0,0.0,0,0,0.0,-0.0,0.0,0,0.0,0,0,0.0,-0.0,0.0,1,4.7,3,0,0.0,-0.0,0.89,4,41.57,13,0,0.0,0.0939,10.0,1,Chest stab,Sandor Clegane,s3,25
Bianca,female,,,,,,0,0,,,,,,0,0.0,0,0,0.0,0.0,0.0,0,0.0,0,0,0.0,-0.0,0.0,0,0.0,0,0,0.0,-0.0,0.0,0,0.0,0,0,0.0,0.0,0.0,0,0.0,0,0,0.0,-0.0,0.0,2,9.35,10,0,0.0021,0.0,1.78,0,0.0,0,0,0.0,-0.0,0.0,0,,,,67
Biter,male,,,,,,0,0,,,,,,0,0.0,0,0,0.0,0.0,0.0,2,2.12,4,0,0.0,0.0007,0.41,0,0.0,0,0,0.0,0.0,0.0,1,0.12,2,0,0.0001,0.0,0.02,0,0.0,0,0,0.0,-0.0,0.0,0,0.0,0,0,0.0,0.0,0.0,0,0.0,0,0,0.0,-0.0,0.0,1,Neck snap,Sandor Clegane,s4,37
Black Lorren,male,,,,,,0,0,,,,,,0,0.0,0,0,0.0,-0.0,0.0,4,8.6,10,0,0.0001,0.0002,1.68,0,0.0,0,0,0.0,0.0,0.0,0,0.0,0,0,0.0,0.0,0.0,0,0.0,0,0,0.0,-0.0,0.0,0,0.0,0,0,0.0,-0.0,0.0,0,0.0,0,0,0.0,0.0,0.0,0,,,,67
Black Walder Rivers,male,Frey,,Walder Frey,,,0,0,,,,,,0,0.0,0,0,0.0,0.0,0.0,0,0.0,0,0,0.0,0.0,0.0,2,8.27,10,1,0.0012,0.1589,1.58,0,0.0,0,0,0.0,-0.0,0.0,0,0.0,0,0,0.0,0.0,0.0,3,6.66,7,0,0.0,0.0002,1.27,0,0.0,0,0,0.0,0.0,0.0,1,,Arya Stark,s6,60
Bobono,male,,,,,,0,0,,,,,,0,0.0,0,0,0.0,0.0,0.0,0,0.0,0,0,0.0,0.0,0.0,0,0.0,0,0,0.0,0.0,0.0,0,0.0,0,0,0.0,-0.0,0.0,0,0.0,0,0,0.0,0.0,0.0,2,9.61,9,0,0.0,0.0,1.83,0,0.0,0,0,0.0,0.0,0.0,0,,,,67
Bowen Marsh,male,,,,,,0,0,,,,,,0,0.0,0,0,0.0,-0.0,0.0,0,0.0,0,0,0.0,0.0,0.0,0,0.0,0,0,0.0,0.0,0.0,0,0.0,0,0,0.0,-0.0,0.0,5,10.86,13,1,0.0046,-0.0,2.06,3,8.1,13,0,0.0,0.0651,1.54,0,0.0,0,0,0.0,-0.0,0.0,1,,Jon Snow,s6,53
Brandon Stark,,Stark,,Rickard Stark,Lyanna Stark;Benjen Stark;Eddard Stark,,0,0,,,,,,0,0.0,0,0,0.0,-0.0,0.0,0,0.0,0,0,0.0,-0.0,0.0,0,0.0,0,0,0.0,0.0,0.0,0,0.0,0,0,0.0,0.0,0.0,0,0.0,0,0,0.0,0.0,0.0,0,0.0,0,0,0.0,-0.0,0.0,0,0.0,0,0,0.0,-0.0,0.0,0,,,,67
Bran Stark,male,Stark,,Eddard Stark;Catelyn Stark,Robb Stark;Sansa Stark;Arya Stark;Rickon Stark,,0,0,,Summer,,,,8,51.91,37,0,0.0029,0.1441,9.76,7,23.12,13,0,0.0013,0.0003,4.52,6,29.46,14,0,0.0027,0.0039,5.63,4,23.81,13,1,0.0027,0.0,4.63,0,0.0,0,0,0.0,0.0,0.0,5,35.14,27,0,0.0421,0.0002,6.68,5,20.76,14,0,0.01,0.0024,4.99,0,,,,67
Brea,female,,,,,,0,0,,,,,,0,0.0,0,0,0.0,0.0,0.0,0,0.0,0,0,0.0,0.0,0.0,0,0.0,0,0,0.0,-0.0,0.0,0,0.0,0,0,0.0,-0.0,0.0,1,2.7,2,0,0.0,0.0,0.51,0,0.0,0,0,0.0,0.0,0.0,0,0.0,0,0,0.0,-0.0,0.0,0,,,,67
Brienne of Tarth,female,,,,,,0,0,,,Podrick Payne,Renly Baratheon;Catelyn Stark,,0,0.0,0,0,0.0,0.0,0.0,7,31.13,15,0,0.0042,0.043,6.09,7,33.5,6,0,0.0,0.0106,6.4,6,25.6,16,0,0.0009,0.0273,4.97,6,19.38,4,1,0.0197,-0.0,3.68,5,29.12,12,0,0.0,0.1252,5.54,5,38.55,28,0,0.0105,0.1948,9.27,0,,,,67
Bronn,male,,Lollys Stokeworth,,,,0,0,,,,,,5,39.97,15,1,0.0007,0.0303,7.51,7,28.49,18,1,0.0006,0.2296,5.57,4,11.95,16,0,0.0012,0.0,2.28,4,15.49,8,0,0.0,0.0234,3.01,6,23.1,11,1,0.0001,-0.0,4.38,3,8.11,7,0,0.0018,0.0011,1.54,4,19.7,16,0,0.0,0.0317,4.74,0,,,,67
Brother Ray,male,,,,,,0,0,,,,,,0,0.0,0,0,0.0,0.0,0.0,0,0.0,0,0,0.0,0.0,0.0,0,0.0,0,0,0.0,-0.0,0.0,0,0.0,0,0,0.0,-0.0,0.0,0,0.0,0,0,0.0,-0.0,0.0,1,8.83,3,0,0.0,-0.0,1.68,0,0.0,0,0,0.0,-0.0,0.0,1,Hanging,Lem Lemoncloak,s6,57
Brynden Tully,male,Tully,,,Hoster Tully,,0,0,,,,,,0,0.0,0,0,0.0,-0.0,0.0,0,0.0,0,0,0.0,-0.0,0.0,5,24.57,13,0,0.0,0.3365,4.69,0,0.0,0,0,0.0,-0.0,0.0,0,0.0,0,0,0.0,-0.0,0.0,2,8.81,7,0,0.0004,0.0039,1.68,0,0.0,0,0,0.0,0.0,0.0,1,Multiple stabs,,s6,58
Captain of the Archers,male,,,,,,0,0,,,,,,0,0.0,0,0,0.0,0.0,0.0,1,2.03,5,0,0.0005,0.016,0.4,0,0.0,0,0,0.0,0.0,0.0,0,0.0,0,0,0.0,0.0,0.0,0,0.0,0,0,0.0,-0.0,0.0,0,0.0,0,0,0.0,0.0,0.0,0,0.0,0,0,0.0,0.0,0.0,0,,,,67
Catelyn Stark,female,Stark;Tully,Eddard Stark;Brandon Stark,Hoster Tully,Lysa Arryn;Edmure Tully,Robb Stark;Sansa Stark;Arya Stark;Bran Stark;Rickon Stark,0,0,,,,,,9,82.86,42,0,0.0101,0.1811,15.58,8,33.4,15,0,0.0002,0.0456,6.53,8,38.54,15,1,0.0017,0.4249,7.36,0,0.0,0,0,0.0,0.0,0.0,0,0.0,0,0,0.0,0.0,0.0,1,0.12,7,0,0.0008,0.0001,0.02,0,0.0,0,0,0.0,0.0,0.0,1,Throat slash,Black Walder Rivers,s3,29
Catspaw Assassin,male,,,,,,0,0,,,,,,1,3.2,5,0,0.0,0.0063,0.6,0,0.0,0,0,0.0,-0.0,0.0,0,0.0,0,0,0.0,0.0,0.0,0,0.0,0,0,0.0,0.0,0.0,0,0.0,0,0,0.0,0.0,0.0,0,0.0,0,0,0.0,-0.0,0.0,0,0.0,0,0,0.0,0.0,0.0,1,Mauling,Summer,s1,2
Cersei Lannister,female,Lannister;Baratheon,Robert Baratheon,Tywin Lannister,Jaime Lannister;Tyrion Lannister,Joffrey Baratheon;Myrcella Baratheon;Tommen Baratheon,1,0,,,,,,10,70.87,38,0,0.0036,0.2879,13.32,9,50.37,23,0,0.0047,0.3573,9.85,8,40.47,15,0,0.0216,0.0001,7.73,9,78.21,27,0,0.0001,0.3931,15.19,8,65.45,20,0,0.0131,0.0,12.42,8,37.03,20,6,0.0094,0.0005,7.04,6,57.13,23,1,0.0015,0.1631,13.74,0,,,,67
Child of the Forest,,,,,,,0,0,,,,,,0,0.0,0,0,0.0,-0.0,0.0,0,0.0,0,0,0.0,0.0,0.0,0,0.0,0,0,0.0,0.0,0.0,0,0.0,0,0,0.0,-0.0,0.0,0,0.0,0,0,0.0,-0.0,0.0,0,0.0,0,0,0.0,0.0,0.0,0,0.0,0,0,0.0,0.0,0.0,0,,,,67
Citadel Maester,male,,,,,,0,0,,,,,,0,0.0,0,0,0.0,0.0,0.0,0,0.0,0,0,0.0,-0.0,0.0,0,0.0,0,0,0.0,-0.0,0.0,0,0.0,0,0,0.0,0.0,0.0,0,0.0,0,0,0.0,-0.0,0.0,1,2.4,3,0,0.0001,-0.0,0.46,0,0.0,0,0,0.0,0.0,0.0,0,,,,67
Colen of Greenpools,male,,,,,,0,0,,,,,,0,0.0,0,0,0.0,0.0,0.0,1,4.13,5,0,0.0,0.0178,0.81,0,0.0,0,0,0.0,-0.0,0.0,0,0.0,0,0,0.0,0.0,0.0,0,0.0,0,0,0.0,0.0,0.0,0,0.0,0,0,0.0,0.0,0.0,0,0.0,0,0,0.0,-0.0,0.0,0,,,,67
Craster,male,,,,,,0,0,,,,,,0,0.0,0,0,0.0,0.0,0.0,3,6.8,4,0,0.0,0.0,1.33,2,5.71,6,0,0.0,0.0,1.09,0,0.0,0,0,0.0,-0.0,0.0,0,0.0,0,0,0.0,0.0,0.0,0,0.0,0,0,0.0,-0.0,0.0,0,0.0,0,0,0.0,-0.0,0.0,1,,Karl Tanner,s3,24
Daario Naharis,male,,,,,,0,0,,,,Daenerys Targaryen,,0,0.0,0,0,0.0,0.0,0.0,0,0.0,0,0,0.0,-0.0,0.0,3,16.13,10,2,0.0004,0.0,3.08,4,14.01,6,0,0.0,0.0,2.72,7,41.19,18,1,0.0009,0.4052,7.82,6,21.54,5,1,0.0172,0.0001,4.1,0,0.0,0,0,0.0,-0.0,0.0,0,,,,67
Daenerys Targaryen,female,Targaryen,Khal Drogo,Aerys II Targaryen;Rhaella Targaryen,Rhaegar Targaryen;Viserys Targaryen,Rhaego,1,0,,Drogon;Rhaegal;Viserion,Barristan Selmy;Daario Naharis;Grey Worm;Jorah Mormont;Missandei,,,9,81.67,16,2,0.0,0.0002,15.35,8,50.64,15,3,0.0004,0.0,9.9,8,45.99,14,1,0.0,0.0,8.78,8,41.52,10,0,0.0,0.0,8.07,8,62.78,19,1,0.0,0.4533,11.92,8,41.2,27,4,0.0306,0.001,7.84,7,96.22,31,2,0.0004,0.3008,23.14,0,,,,67
Dagmer Cleftjaw,male,,,,,,0,0,,,,,,0,0.0,0,0,0.0,0.0,0.0,5,18.01,12,0,0.0002,0.0003,3.52,0,0.0,0,0,0.0,-0.0,0.0,0,0.0,0,0,0.0,0.0,0.0,0,0.0,0,0,0.0,0.0,0.0,0,0.0,0,0,0.0,-0.0,0.0,0,0.0,0,0,0.0,-0.0,0.0,0,,,,67
Daisy,female,,,,,,0,0,,,,,,0,0.0,0,0,0.0,-0.0,0.0,3,7.9,9,0,0.0001,0.0374,1.54,0,0.0,0,0,0.0,0.0,0.0,0,0.0,0,0,0.0,0.0,0.0,0,0.0,0,0,0.0,-0.0,0.0,0,0.0,0,0,0.0,-0.0,0.0,0,0.0,0,0,0.0,-0.0,0.0,0,,,,67
Davos Seaworth,male,,,,,Matthos Seaworth,0,0,,,,Stannis Baratheon;Jon Snow,,0,0.0,0,0,0.0,0.0,0.0,6,31.33,10,0,0.0021,0.0171,6.13,4,27.25,5,0,0.0013,0.0001,5.2,4,17.0,15,0,0.0022,0.0,3.3,7,24.19,16,0,0.0001,-0.0,4.59,8,68.36,25,0,0.0002,0.4545,13.0,7,73.62,31,0,0.0,0.3035,17.7,0,,,,67
Dickon Tarly,male,,,Randyll Tarly;Melessa Tarly,Samwell Tarly;Talla Tarly,,0,0,,,,,,0,0.0,0,0,0.0,0.0,0.0,0,0.0,0,0,0.0,0.0,0.0,0,0.0,0,0,0.0,-0.0,0.0,0,0.0,0,0,0.0,-0.0,0.0,0,0.0,0,0,0.0,-0.0,0.0,1,6.38,5,0,0.0,0.0,1.21,4,12.33,10,0,0.0,0.0171,2.97,1,Dragon,Daenerys Targaryen,s7,65
Dongo the Giant,male,,,,,,0,0,,,,,,0,0.0,0,0,0.0,-0.0,0.0,0,0.0,0,0,0.0,-0.0,0.0,1,0.88,2,0,0.0013,0.0,0.17,2,3.28,2,0,0.0,-0.0,0.64,0,0.0,0,0,0.0,-0.0,0.0,0,0.0,0,0,0.0,-0.0,0.0,0,0.0,0,0,0.0,-0.0,0.0,1,,,s4,40
Donnel Waynwood,male,,,,,,0,0,,,,,,0,0.0,0,0,0.0,0.0,0.0,0,0.0,0,0,0.0,-0.0,0.0,0,0.0,0,0,0.0,-0.0,0.0,2,1.22,4,0,0.0052,0.0004,0.24,0,0.0,0,0,0.0,-0.0,0.0,0,0.0,0,0,0.0,0.0,0.0,0,0.0,0,0,0.0,0.0,0.0,0,,,,67
Dontos Hollard,male,,,,,,0,0,,,,,,0,0.0,0,0,0.0,0.0,0.0,2,4.05,9,0,0.0,0.0874,0.79,0,0.0,0,0,0.0,0.0,0.0,3,6.57,12,0,0.0001,0.0154,1.28,0,0.0,0,0,0.0,0.0,0.0,0,0.0,0,0,0.0,-0.0,0.0,0,0.0,0,0,0.0,-0.0,0.0,1,,Petyr Baelish,s4,33
Doran Martell,male,Martell,,,Elia Martell;Oberyn Martell,Trystane Martell,0,0,,,,,,0,0.0,0,0,0.0,-0.0,0.0,0,0.0,0,0,0.0,-0.0,0.0,0,0.0,0,0,0.0,0.0,0.0,0,0.0,0,0,0.0,-0.0,0.0,4,8.99,9,0,0.0,-0.0,1.71,1,2.25,3,0,0.0,0.0,0.43,0,0.0,0,0,0.0,0.0,0.0,1,Chest stab,Ellaria Sand,s6,51
Doreah,female,,,,,,0,0,,,,,,6,39.52,15,0,0.0015,0.0001,7.43,5,11.1,9,1,0.0,0.0,2.17,0,0.0,0,0,0.0,-0.0,0.0,0,0.0,0,0,0.0,0.0,0.0,0,0.0,0,0,0.0,0.0,0.0,0,0.0,0,0,0.0,0.0,0.0,0,0.0,0,0,0.0,-0.0,0.0,1,Safe,Daenerys Targaryen,s2,20
Dothraki Bloodrider #1,male,,,,,,0,0,,,,,,0,0.0,0,0,0.0,0.0,0.0,0,0.0,0,0,0.0,0.0,0.0,0,0.0,0,0,0.0,-0.0,0.0,0,0.0,0,0,0.0,-0.0,0.0,0,0.0,0,0,0.0,-0.0,0.0,2,8.1,8,0,0.001,0.0001,1.54,0,0.0,0,0,0.0,0.0,0.0,1,Burning,Daenerys Targaryen,s6,54
Dothraki Bloodrider #2,male,,,,,,0,0,,,,,,0,0.0,0,0,0.0,-0.0,0.0,0,0.0,0,0,0.0,-0.0,0.0,0,0.0,0,0,0.0,0.0,0.0,0,0.0,0,0,0.0,-0.0,0.0,0,0.0,0,0,0.0,-0.0,0.0,2,8.1,8,0,0.001,0.0001,1.54,0,0.0,0,0,0.0,0.0,0.0,1,Burning,Daenerys Targaryen,s6,54
Drennan,male,,,,,,0,0,,,,,,0,0.0,0,0,0.0,0.0,0.0,2,1.68,4,0,0.0057,0.0,0.33,0,0.0,0,0,0.0,0.0,0.0,0,0.0,0,0,0.0,0.0,0.0,0,0.0,0,0,0.0,-0.0,0.0,0,0.0,0,0,0.0,-0.0,0.0,0,0.0,0,0,0.0,0.0,0.0,1,,Osha,s2,17
Drogon,male,Targaryen,,,Rhaegal;Viserion,,0,0,Daenerys Targaryen,,,,,5,21.14,13,0,0.003,0.0001,3.97,4,9.6,10,0,0.0,0.0,1.88,4,8.32,11,0,0.0003,0.0,1.59,2,2.24,4,0,0.0,0.0,0.44,4,6.46,5,0,0.001,0.0544,1.23,4,6.59,17,0,0.0347,0.0005,1.25,6,21.8,26,0,0.0056,0.055,5.24,0,,,,67
Drowned Priest,male,,,,,,0,0,,,,,,0,0.0,0,0,0.0,-0.0,0.0,1,1.35,3,0,0.0024,0.0,0.26,0,0.0,0,0,0.0,0.0,0.0,0,0.0,0,0,0.0,-0.0,0.0,0,0.0,0,0,0.0,-0.0,0.0,0,0.0,0,0,0.0,-0.0,0.0,0,0.0,0,0,0.0,-0.0,0.0,0,,,,67
Eddard Stark,male,Stark,Catelyn Stark,Rickard Stark,Brandon Stark;Benjen Stark;Lyanna Stark,Robb Stark;Sansa Stark;Arya Stark;Bran Stark;Rickon Stark,0,0,Jon Snow,Jon Arryn,,,Howland Reed;Robert Baratheon,10,142.75,51,2,0.0221,0.3578,26.83,0,0.0,0,0,0.0,-0.0,0.0,0,0.0,0,0,0.0,0.0,0.0,1,0.57,4,0,0.0001,0.0,0.11,0,0.0,0,0,0.0,0.0,0.0,1,0.12,7,0,0.0008,0.0001,0.02,0,0.0,0,0,0.0,0.0,0.0,1,,Ilyn Payne,s1,10
Eddison Tollett,male,,,,,,0,0,,,,,,0,0.0,0,0,0.0,-0.0,0.0,5,12.72,6,0,0.0,0.0,2.49,4,10.42,8,0,0.0,0.0001,1.99,7,19.62,16,0,0.0,0.0,3.81,8,34.58,24,0,0.0009,-0.0,6.56,5,25.28,17,0,0.0062,0.2199,4.81,1,1.45,2,0,0.0025,0.0,0.35,0,,,,67
Edmure Tully,male,Tully,Roslin Frey,,Catelyn Stark;Lysa Arryn,,0,0,,,,,,0,0.0,0,0,0.0,-0.0,0.0,0,0.0,0,0,0.0,-0.0,0.0,5,25.42,13,0,0.0,0.3713,4.86,0,0.0,0,0,0.0,0.0,0.0,0,0.0,0,0,0.0,-0.0,0.0,3,10.54,6,0,0.0006,0.0003,2.01,0,0.0,0,0,0.0,-0.0,0.0,0,,,,67
Ellaria Sand,female,Martell,Oberyn Martell,,,Tyene Sand,0,0,,,,,,0,0.0,0,0,0.0,-0.0,0.0,0,0.0,0,0,0.0,-0.0,0.0,0,0.0,0,0,0.0,-0.0,0.0,4,15.81,21,0,0.0049,0.0699,3.07,5,12.81,10,1,0.0,-0.0,2.43,2,3.86,7,1,0.002,0.0,0.73,2,14.12,14,0,0.0,0.0247,3.4,0,,,,67
Elia Martell,,Martell,Rhaegar Targaryen,,Doran Martell;Oberyn Martell,Rhaenys Targaryen;Aegon Targaryen,1,0,,,,,,0,0.0,0,0,0.0,-0.0,0.0,0,0.0,0,0,0.0,-0.0,0.0,0,0.0,0,0,0.0,0.0,0.0,0,0.0,0,0,0.0,0.0,0.0,0,0.0,0,0,0.0,0.0,0.0,0,0.0,0,0,0.0,0.0,0.0,0,0.0,0,0,0.0,-0.0,0.0,0,,,,67
Eon Hunter,,,,,,,0,0,,,,,,0,0.0,0,0,0.0,-0.0,0.0,0,0.0,0,0,0.0,0.0,0.0,0,0.0,0,0,0.0,0.0,0.0,0,0.0,0,0,0.0,0.0,0.0,0,0.0,0,0,0.0,-0.0,0.0,0,0.0,0,0,0.0,-0.0,0.0,0,0.0,0,0,0.0,-0.0,0.0,0,,,,67
Euron Greyjoy,male,Greyjoy,,,Balon Greyjoy;Aeron Greyjoy,,0,0,,,,,,0,0.0,0,0,0.0,-0.0,0.0,0,0.0,0,0,0.0,0.0,0.0,0,0.0,0,0,0.0,-0.0,0.0,0,0.0,0,0,0.0,0.0,0.0,0,0.0,0,0,0.0,-0.0,0.0,2,8.68,4,1,0.0,0.0007,1.65,4,22.99,22,2,0.0008,0.1116,5.53,1,Drowning,Aeron Greyjoy,s6,55
Faceless Man,male,,,,,,0,0,,,,,,0,0.0,0,0,0.0,-0.0,0.0,0,0.0,0,0,0.0,-0.0,0.0,0,0.0,0,0,0.0,0.0,0.0,0,0.0,0,0,0.0,0.0,0.0,1,2.46,2,0,0.0022,0.0,0.47,0,0.0,0,0,0.0,0.0,0.0,0,0.0,0,0,0.0,-0.0,0.0,0,,,,67
Farlen,male,,,,,,0,0,,,,,,0,0.0,0,0,0.0,-0.0,0.0,1,1.53,7,0,0.0013,0.0,0.3,0,0.0,0,0,0.0,0.0,0.0,0,0.0,0,0,0.0,0.0,0.0,0,0.0,0,0,0.0,0.0,0.0,0,0.0,0,0,0.0,0.0,0.0,0,0.0,0,0,0.0,-0.0,0.0,0,,,,67
Gared,male,,,,,,0,0,,,,,,1,6.03,3,0,0.0,0.0006,1.13,0,0.0,0,0,0.0,-0.0,0.0,0,0.0,0,0,0.0,-0.0,0.0,0,0.0,0,0,0.0,0.0,0.0,0,0.0,0,0,0.0,0.0,0.0,0,0.0,0,0,0.0,-0.0,0.0,0,0.0,0,0,0.0,0.0,0.0,1,Decapitation,White Walker,s1,1
Gatins,male,,,,,,0,0,,,,,,0,0.0,0,0,0.0,-0.0,0.0,0,0.0,0,0,0.0,-0.0,0.0,0,0.0,0,0,0.0,0.0,0.0,0,0.0,0,0,0.0,-0.0,0.0,0,0.0,0,0,0.0,-0.0,0.0,2,3.19,3,0,0.0,0.0,0.61,0,0.0,0,0,0.0,-0.0,0.0,1,Multiple stabs,Sandor Clegane,s6,58
Gendry,male,,,Robert Baratheon,,,0,0,,,,,,2,4.2,6,0,0.0001,0.0043,0.79,7,27.66,14,0,0.0044,0.0086,5.41,8,36.89,9,0,0.0037,0.001,7.05,0,0.0,0,0,0.0,-0.0,0.0,0,0.0,0,0,0.0,0.0,0.0,0,0.0,0,0,0.0,-0.0,0.0,2,26.65,11,0,0.001,0.0614,6.41,0,,,,67
Gerold Hightower,male,,,,,,0,0,,,,,,0,0.0,0,0,0.0,-0.0,0.0,0,0.0,0,0,0.0,-0.0,0.0,0,0.0,0,0,0.0,0.0,0.0,0,0.0,0,0,0.0,-0.0,0.0,0,0.0,0,0,0.0,0.0,0.0,1,2.75,5,0,0.0,0.0,0.52,0,0.0,0,0,0.0,-0.0,0.0,1,Neck stab,Young Ned Stark,s6,53
Ghost,male,Stark,,,Grey Wind;Lady;Nymeria;Summer;Shaggydog,,0,0,Jon Snow,,,,,6,14.29,21,0,0.0092,0.0198,2.69,3,5.23,6,0,0.0003,0.0,1.02,2,2.08,7,0,0.0059,0.0,0.4,4,4.47,9,1,0.0012,0.0,0.87,2,0.97,4,0,0.0011,-0.0,0.18,3,11.6,11,0,0.0,0.1021,2.21,0,0.0,0,0,0.0,0.0,0.0,0,,,,67
Gilly,female,,Samwell Tarly,Craster,,Baby Sam,0,0,,,,,,0,0.0,0,0,0.0,-0.0,0.0,3,8.28,5,0,0.0,0.0,1.62,6,20.48,9,0,0.0001,0.0006,3.91,3,12.0,9,0,0.0003,0.0,2.33,6,20.18,17,0,0.0034,-0.0,3.83,3,20.0,7,0,0.0,-0.0,3.8,3,3.95,2,0,0.0,0.0001,0.95,0,,,,67
Goldcloak,male,,,,,,0,0,,,,,,0,0.0,0,0,0.0,0.0,0.0,1,2.22,3,0,0.0,0.0008,0.43,0,0.0,0,0,0.0,0.0,0.0,0,0.0,0,0,0.0,-0.0,0.0,0,0.0,0,0,0.0,0.0,0.0,0,0.0,0,0,0.0,-0.0,0.0,0,0.0,0,0,0.0,-0.0,0.0,0,,,,67
Goldcloak #1,,,,,,,0,0,,,,,,0,0.0,0,0,0.0,0.0,0.0,0,0.0,0,0,0.0,0.0,0.0,0,0.0,0,0,0.0,0.0,0.0,0,0.0,0,0,0.0,-0.0,0.0,0,0.0,0,0,0.0,0.0,0.0,0,0.0,0,0,0.0,0.0,0.0,0,0.0,0,0,0.0,0.0,0.0,0,,,,67
Goldcloak #2,,,,,,,0,0,,,,,,0,0.0,0,0,0.0,-0.0,0.0,0,0.0,0,0,0.0,0.0,0.0,0,0.0,0,0,0.0,-0.0,0.0,0,0.0,0,0,0.0,-0.0,0.0,0,0.0,0,0,0.0,0.0,0.0,0,0.0,0,0,0.0,-0.0,0.0,0,0.0,0,0,0.0,-0.0,0.0,0,,,,67
Grand Maester Pycelle,male,,,,,,0,0,,,,,,8,43.97,23,0,0.0001,0.1784,8.27,5,15.64,15,0,0.0097,0.1912,3.06,3,10.79,12,0,0.0,0.0,2.06,5,20.76,24,0,0.0005,0.174,4.03,5,7.95,11,0,0.0222,0.0,1.51,4,8.53,14,0,0.002,0.0001,1.62,0,0.0,0,0,0.0,0.0,0.0,1,Multiple stabs,Frances;Little Bird #3;Little Bird #4;Little Bird #5;Little Bird #6;Little Bird #7,s6,60
Great Master #1,male,,,,,,0,0,,,,,,0,0.0,0,0,0.0,0.0,0.0,0,0.0,0,0,0.0,-0.0,0.0,0,0.0,0,0,0.0,-0.0,0.0,1,0.77,0,0,0.0,0.0,0.15,1,1.95,11,0,0.0001,0.0205,0.37,0,0.0,0,0,0.0,-0.0,0.0,0,0.0,0,0,0.0,-0.0,0.0,1,Dragon,Daenerys Targaryen,s5,45
Great Master #2,male,,,,,,0,0,,,,,,0,0.0,0,0,0.0,-0.0,0.0,0,0.0,0,0,0.0,-0.0,0.0,0,0.0,0,0,0.0,-0.0,0.0,0,0.0,0,0,0.0,0.0,0.0,1,2.92,11,0,0.0,0.0305,0.55,0,0.0,0,0,0.0,0.0,0.0,0,0.0,0,0,0.0,-0.0,0.0,0,,,,67
Great Master #3,male,,,,,,0,0,,,,,,0,0.0,0,0,0.0,0.0,0.0,0,0.0,0,0,0.0,-0.0,0.0,0,0.0,0,0,0.0,0.0,0.0,0,0.0,0,0,0.0,0.0,0.0,1,2.92,11,0,0.0,0.0305,0.55,0,0.0,0,0,0.0,0.0,0.0,0,0.0,0,0,0.0,0.0,0.0,0,,,,67
Great Master #4,male,,,,,,0,0,,,,,,0,0.0,0,0,0.0,-0.0,0.0,0,0.0,0,0,0.0,-0.0,0.0,0,0.0,0,0,0.0,0.0,0.0,0,0.0,0,0,0.0,0.0,0.0,1,2.92,11,0,0.0,0.0305,0.55,0,0.0,0,0,0.0,0.0,0.0,0,0.0,0,0,0.0,-0.0,0.0,0,,,,67
Great Master #5,male,,,,,,0,0,,,,,,0,0.0,0,0,0.0,-0.0,0.0,0,0.0,0,0,0.0,-0.0,0.0,0,0.0,0,0,0.0,0.0,0.0,0,0.0,0,0,0.0,-0.0,0.0,1,2.92,11,0,0.0,0.0305,0.55,0,0.0,0,0,0.0,0.0,0.0,0,0.0,0,0,0.0,0.0,0.0,0,,,,67
Great Master #6,male,,,,,,0,0,,,,,,0,0.0,0,0,0.0,0.0,0.0,0,0.0,0,0,0.0,-0.0,0.0,0,0.0,0,0,0.0,-0.0,0.0,0,0.0,0,0,0.0,-0.0,0.0,1,2.92,11,0,0.0,0.0305,0.55,0,0.0,0,0,0.0,-0.0,0.0,0,0.0,0,0,0.0,0.0,0.0,0,,,,67
Great Master #7,male,,,,,,0,0,,,,,,0,0.0,0,0,0.0,0.0,0.0,0,0.0,0,0,0.0,0.0,0.0,0,0.0,0,0,0.0,-0.0,0.0,0,0.0,0,0,0.0,-0.0,0.0,1,2.92,11,0,0.0,0.0305,0.55,0,0.0,0,0,0.0,-0.0,0.0,0,0.0,0,0,0.0,-0.0,0.0,0,,,,67
Greatjon Umber,male,,,,,Smalljon Umber,0,0,,,,,,3,13.34,10,0,0.0009,0.0269,2.51,0,0.0,0,0,0.0,0.0,0.0,0,0.0,0,0,0.0,-0.0,0.0,0,0.0,0,0,0.0,0.0,0.0,0,0.0,0,0,0.0,0.0,0.0,0,0.0,0,0,0.0,-0.0,0.0,0,0.0,0,0,0.0,0.0,0.0,0,,,,67
Gregor Clegane,male,,,,,,0,0,,,,Tywin Lannister;Cersei Lannister,,2,8.13,16,1,0.0,0.0643,1.53,3,6.83,7,0,0.0,0.0039,1.34,0,0.0,0,0,0.0,-0.0,0.0,3,8.05,10,1,0.0,0.0507,1.56,2,1.41,4,0,0.013,0.0,0.27,6,18.46,17,0,0.0015,0.0003,3.51,4,38.63,22,0,0.0006,0.1589,9.29,0,,,,67
Greizhen mo Ullhor,male,,,,,,0,0,,,,,,0,0.0,0,0,0.0,-0.0,0.0,0,0.0,0,0,0.0,0.0,0.0,2,6.51,6,0,0.0,0.0,1.24,0,0.0,0,0,0.0,0.0,0.0,0,0.0,0,0,0.0,-0.0,0.0,0,0.0,0,0,0.0,0.0,0.0,0,0.0,0,0,0.0,-0.0,0.0,0,,,,67
Grenn,male,,,,,,0,0,,,,,,6,23.15,11,0,0.0,0.0147,4.35,5,13.07,6,0,0.0,-0.0,2.56,4,10.42,8,0,0.0,0.0001,1.99,7,23.13,17,1,0.0,0.0,4.49,0,0.0,0,0,0.0,-0.0,0.0,0,0.0,0,0,0.0,-0.0,0.0,0,0.0,0,0,0.0,0.0,0.0,1,,Mag the Mighty,s4,40
Grey Wind,male,Stark,,,Lady;Nymeria;Summer;Shaggydog;Ghost,,0,0,Robb Stark,,,,,3,6.5,17,0,0.0024,0.0198,1.22,2,5.29,2,0,0.0,0.0006,1.03,3,2.65,5,0,0.0062,0.0097,0.51,0,0.0,0,0,0.0,0.0,0.0,0,0.0,0,0,0.0,-0.0,0.0,0,0.0,0,0,0.0,0.0,0.0,0,0.0,0,0,0.0,-0.0,0.0,1,,Frey Soldiers,s3,30
Grey Worm,male,,,,,,0,0,,,,Daenerys Targaryen,,0,0.0,0,0,0.0,0.0,0.0,0,0.0,0,0,0.0,0.0,0.0,4,15.12,11,0,0.0,0.0,2.89,7,25.97,8,0,0.0002,0.0,5.04,5,21.58,8,0,0.0001,0.1783,4.1,7,25.17,11,1,0.0,0.0005,4.79,4,23.5,15,0,0.0045,0.0592,5.65,0,,,,67
Hallyne,male,,,,,,0,0,,,,,,0,0.0,0,0,0.0,-0.0,0.0,2,3.66,5,0,0.0034,0.0292,0.72,0,0.0,0,0,0.0,0.0,0.0,0,0.0,0,0,0.0,0.0,0.0,0,0.0,0,0,0.0,-0.0,0.0,0,0.0,0,0,0.0,0.0,0.0,0,0.0,0,0,0.0,-0.0,0.0,0,,,,67
Handmaid,female,,,,,,0,0,,,,,,0,0.0,0,0,0.0,-0.0,0.0,1,1.17,2,0,0.0,0.0051,0.23,1,0.07,3,0,0.004,0.0,0.01,1,0.58,4,0,0.0023,0.0007,0.11,0,0.0,0,0,0.0,-0.0,0.0,2,2.1,6,0,0.0321,0.0,0.4,0,0.0,0,0,0.0,0.0,0.0,0,,,,67
Harald Karstark,male,,,Rickard Karstark,,Alys Karstark,0,0,,,,,,0,0.0,0,0,0.0,0.0,0.0,0,0.0,0,0,0.0,-0.0,0.0,0,0.0,0,0,0.0,0.0,0.0,0,0.0,0,0,0.0,0.0,0.0,0,0.0,0,0,0.0,-0.0,0.0,3,11.63,12,0,0.0038,0.0711,2.21,0,0.0,0,0,0.0,-0.0,0.0,0,,,,67
High Priestess,female,,,,,,0,0,,,,,,0,0.0,0,0,0.0,-0.0,0.0,0,0.0,0,0,0.0,-0.0,0.0,0,0.0,0,0,0.0,-0.0,0.0,0,0.0,0,0,0.0,0.0,0.0,0,0.0,0,0,0.0,0.0,0.0,2,4.72,8,0,0.0021,0.0,0.9,0,0.0,0,0,0.0,-0.0,0.0,0,,,,67
High Septon,male,,,,,,0,0,,,,,,0,0.0,0,0,0.0,-0.0,0.0,1,2.45,8,0,0.0014,0.046,0.48,1,3.08,11,0,0.0,0.0,0.59,3,2.93,13,0,0.0007,0.0198,0.57,2,4.5,10,0,0.0,0.0,0.85,0,0.0,0,0,0.0,0.0,0.0,1,0.5,3,0,0.0,0.0,0.12,1,Torn apart,King's Landing Mob,s2,16
High Sparrow,male,,,,,,0,0,,,,,,0,0.0,0,0,0.0,-0.0,0.0,0,0.0,0,0,0.0,0.0,0.0,0,0.0,0,0,0.0,0.0,0.0,0,0.0,0,0,0.0,0.0,0.0,5,22.58,11,0,0.0018,0.0,4.29,7,28.96,11,0,0.0005,0.0003,5.51,0,0.0,0,0,0.0,0.0,0.0,1,Wildfire,Cersei Lannister,s6,60
Hizdahr zo Loraq,male,,,,,,0,0,,,,,,0,0.0,0,0,0.0,0.0,0.0,0,0.0,0,0,0.0,0.0,0.0,0,0.0,0,0,0.0,-0.0,0.0,2,6.37,7,0,0.0,-0.0,1.24,6,28.11,18,0,0.0008,0.3148,5.34,0,0.0,0,0,0.0,-0.0,0.0,0,0.0,0,0,0.0,0.0,0.0,1,Multiple stabs,Sons of the Harpy,s5,49
Hodor,male,,,,,,0,0,,,,,,5,11.21,25,0,0.0007,0.0686,2.11,7,17.34,12,0,0.0,0.0002,3.39,5,23.55,10,0,0.0,0.0021,4.5,4,19.7,10,1,0.0011,0.0,3.83,0,0.0,0,0,0.0,-0.0,0.0,2,8.75,6,0,0.0,0.0,1.66,0,0.0,0,0,0.0,-0.0,0.0,1,Door,Wights,s6,55
Hoster Tully,male,Tully,,,,,0,0,,,,,,0,0.0,0,0,0.0,-0.0,0.0,0,0.0,0,0,0.0,0.0,0.0,1,2.18,5,0,0.0011,0.0357,0.42,0,0.0,0,0,0.0,0.0,0.0,0,0.0,0,0,0.0,-0.0,0.0,0,0.0,0,0,0.0,0.0,0.0,0,0.0,0,0,0.0,-0.0,0.0,1,Old age,,s3,23
Hot Pie,male,,,,,,0,0,,,,,,1,2.25,4,0,0.0,0.0021,0.42,7,14.42,11,0,0.0022,0.0057,2.82,2,8.74,5,0,0.0071,0.0004,1.67,1,3.52,2,0,0.0,0.0017,0.68,0,0.0,0,0,0.0,-0.0,0.0,0,0.0,0,0,0.0,0.0,0.0,1,2.6,1,0,0.0,0.0,0.63,0,,,,67
Howland Reed,male,,,,,Jojen Reed;Meera Reed,0,0,,,,,Eddard Stark,0,0.0,0,0,0.0,-0.0,0.0,0,0.0,0,0,0.0,0.0,0.0,0,0.0,0,0,0.0,0.0,0.0,0,0.0,0,0,0.0,0.0,0.0,0,0.0,0,0,0.0,-0.0,0.0,1,5.39,5,1,0.0,0.0,1.03,0,0.0,0,0,0.0,-0.0,0.0,0,,,,67
Hugh of the Vale,male,,,,,,0,0,,,,,,2,5.32,15,0,0.0028,0.0343,1.0,0,0.0,0,0,0.0,0.0,0.0,0,0.0,0,0,0.0,0.0,0.0,0,0.0,0,0,0.0,-0.0,0.0,0,0.0,0,0,0.0,0.0,0.0,0,0.0,0,0,0.0,0.0,0.0,0,0.0,0,0,0.0,0.0,0.0,1,,Gregor Clegane,s1,5
Illyrio Mopatis,male,,,,,,0,0,,,,,,2,10.9,10,0,0.0257,0.0019,2.05,0,0.0,0,0,0.0,0.0,0.0,0,0.0,0,0,0.0,0.0,0.0,0,0.0,0,0,0.0,0.0,0.0,0,0.0,0,0,0.0,-0.0,0.0,0,0.0,0,0,0.0,0.0,0.0,0,0.0,0,0,0.0,-0.0,0.0,0,,,,67
Ilyn Payne,male,,,,,,0,0,,,,,,3,15.02,15,1,0.0001,0.0837,2.82,1,3.14,5,0,0.0,0.0274,0.61,0,0.0,0,0,0.0,-0.0,0.0,0,0.0,0,0,0.0,-0.0,0.0,0,0.0,0,0,0.0,-0.0,0.0,1,0.12,7,0,0.0008,0.0001,0.02,0,0.0,0,0,0.0,-0.0,0.0,0,,,,67
Irri,female,,,,,,0,0,,,,,,8,42.5,15,0,0.0,0.0001,7.99,3,5.42,9,0,0.0003,0.0,1.06,0,0.0,0,0,0.0,-0.0,0.0,0,0.0,0,0,0.0,0.0,0.0,0,0.0,0,0,0.0,-0.0,0.0,0,0.0,0,0,0.0,-0.0,0.0,0,0.0,0,0,0.0,0.0,0.0,1,,Doreah,s2,16
Izembaro,male,,,,,,0,0,,,,,,0,0.0,0,0,0.0,-0.0,0.0,0,0.0,0,0,0.0,0.0,0.0,0,0.0,0,0,0.0,0.0,0.0,0,0.0,0,0,0.0,-0.0,0.0,0,0.0,0,0,0.0,0.0,0.0,2,9.49,9,0,0.0,0.0,1.81,0,0.0,0,0,0.0,0.0,0.0,0,,,,67
Jacks,male,,,,,,0,0,,,,,,0,0.0,0,0,0.0,0.0,0.0,1,1.86,4,0,0.0,0.002,0.36,0,0.0,0,0,0.0,-0.0,0.0,0,0.0,0,0,0.0,-0.0,0.0,0,0.0,0,0,0.0,-0.0,0.0,0,0.0,0,0,0.0,0.0,0.0,0,0.0,0,0,0.0,0.0,0.0,0,,,,67
Jafer Flowers,male,,,,,,0,0,,,,,,1,1.27,5,0,0.0007,0.0007,0.24,0,0.0,0,0,0.0,-0.0,0.0,0,0.0,0,0,0.0,0.0,0.0,0,0.0,0,0,0.0,-0.0,0.0,0,0.0,0,0,0.0,0.0,0.0,0,0.0,0,0,0.0,-0.0,0.0,0,0.0,0,0,0.0,0.0,0.0,1,,,s1,8
Jaime Lannister,male,Lannister,,Tywin Lannister,Cersei Lannister;Tyrion Lannister,Joffrey Baratheon;Myrcella Baratheon;Tommen Baratheon,0,1,Aerys II Targaryen;Robert Baratheon;Joffrey Baratheon,,,,,8,42.06,29,1,0.0006,0.1201,7.91,4,22.7,7,1,0.0008,0.0093,4.44,7,44.57,7,0,0.0223,0.0127,8.51,9,71.12,24,0,0.0008,0.2739,13.82,7,31.5,14,0,0.0118,-0.0,5.98,8,49.15,33,0,0.0563,0.0046,9.35,6,67.94,24,1,0.0005,0.1594,16.34,0,,,,67
Janos Slynt,male,,,,,,0,0,,,,,,3,12.26,12,0,0.0,0.0666,2.3,2,9.31,11,0,0.0015,0.0834,1.82,0,0.0,0,0,0.0,-0.0,0.0,6,17.35,20,0,0.0033,0.0,3.37,3,12.94,15,0,0.0,-0.0,2.46,0,0.0,0,0,0.0,-0.0,0.0,0,0.0,0,0,0.0,0.0,0.0,1,Decapitation,Jon Snow,s5,43
Jaqen H'ghar,male,,,,,,0,0,,,,,,0,0.0,0,0,0.0,0.0,0.0,6,12.62,9,2,0.0008,0.0036,2.47,0,0.0,0,0,0.0,0.0,0.0,0,0.0,0,0,0.0,0.0,0.0,6,16.4,3,1,0.0011,0.0,3.11,5,9.15,2,0,0.0,0.0,1.74,0,0.0,0,0,0.0,-0.0,0.0,1,Poison,Jaqen H'ghar,s5,50
Jaqen's Disguise,male,,,,,,0,0,,,,,,0,0.0,0,0,0.0,0.0,0.0,1,0.4,2,0,0.0007,0.0001,0.08,0,0.0,0,0,0.0,-0.0,0.0,0,0.0,0,0,0.0,0.0,0.0,0,0.0,0,0,0.0,0.0,0.0,0,0.0,0,0,0.0,-0.0,0.0,0,0.0,0,0,0.0,-0.0,0.0,0,,,,67
Jaremy Rykker,male,,,,,,0,0,,,,,,1,5.5,9,0,0.0,0.0039,1.03,0,0.0,0,0,0.0,-0.0,0.0,0,0.0,0,0,0.0,-0.0,0.0,0,0.0,0,0,0.0,0.0,0.0,0,0.0,0,0,0.0,0.0,0.0,0,0.0,0,0,0.0,-0.0,0.0,0,0.0,0,0,0.0,-0.0,0.0,0,,,,67
Jeor Mormont,male,Mormont,,,,Jorah Mormont,0,0,,,,,,5,20.18,13,0,0.0007,0.0115,3.79,3,10.68,7,0,0.0,-0.0,2.09,4,10.36,8,1,0.0,0.0001,1.98,0,0.0,0,0,0.0,-0.0,0.0,0,0.0,0,0,0.0,-0.0,0.0,0,0.0,0,0,0.0,-0.0,0.0,0,0.0,0,0,0.0,0.0,0.0,1,Multiple stabs,Rast,s3,24
Jhiqui,female,,,,,,0,0,,,,,,1,4.98,9,0,0.0006,0.0,0.94,0,0.0,0,0,0.0,-0.0,0.0,0,0.0,0,0,0.0,-0.0,0.0,0,0.0,0,0,0.0,-0.0,0.0,0,0.0,0,0,0.0,0.0,0.0,0,0.0,0,0,0.0,-0.0,0.0,0,0.0,0,0,0.0,-0.0,0.0,0,,,,67
Joffrey Baratheon,male,Baratheon,Sansa Stark;Margaery Tyrell,Robert Baratheon;Cersei Lannister;Jaime Lannister,Myrcella Baratheon;Tommen Baratheon,,1,0,,,,,,10,60.42,40,0,0.0009,0.3049,11.36,6,29.04,24,0,0.0006,0.3261,5.68,7,28.08,15,1,0.0098,0.0,5.36,3,29.31,27,0,0.0005,0.1925,5.69,0,0.0,0,0,0.0,0.0,0.0,0,0.0,0,0,0.0,0.0,0.0,0,0.0,0,0,0.0,0.0,0.0,1,,Olenna Tyrell;Petyr Baelish,s4,33
Jojen Reed,male,,,Howland Reed,Meera Reed,,0,0,,,,,,0,0.0,0,0,0.0,0.0,0.0,0,0.0,0,0,0.0,0.0,0.0,6,26.05,10,0,0.0,0.0022,4.98,4,18.99,9,0,0.0006,0.0,3.69,0,0.0,0,0,0.0,-0.0,0.0,0,0.0,0,0,0.0,-0.0,0.0,0,0.0,0,0,0.0,0.0,0.0,1,Multiple stabs,Meera Reed,s4,40
Jon Arryn,male,,,,,,0,0,Eddard Stark;Robert Baratheon,,,,Robert Baratheon,1,2.02,2,0,0.0001,0.0026,0.38,0,0.0,0,0,0.0,-0.0,0.0,0,0.0,0,0,0.0,0.0,0.0,0,0.0,0,0,0.0,0.0,0.0,0,0.0,0,0,0.0,-0.0,0.0,0,0.0,0,0,0.0,0.0,0.0,0,0.0,0,0,0.0,-0.0,0.0,1,Poison,Lysa Arryn,s1,1
Jon Snow,male,Stark;Targaryen,Ygritte,Rhaegar Targaryen;Lyanna Stark,,,0,0,,Eddard Stark;Ghost,,,,8,88.71,40,1,0.0019,0.1287,16.68,8,44.28,11,1,0.0001,0.0,8.66,8,43.67,14,1,0.0251,0.0013,8.34,8,63.68,27,2,0.0038,0.0,12.37,9,84.43,25,3,0.0002,-0.0,16.02,8,92.13,27,4,0.0096,0.5186,17.53,7,130.66,35,0,0.0016,0.3693,31.42,1,,Olly;Alliser Thorne;Othell Yarwyck;Bowen Marsh,s6,52
Jonos Bracken,male,,,,,,0,0,,,,,,1,2.27,6,0,0.0,0.0048,0.43,0,0.0,0,0,0.0,0.0,0.0,0,0.0,0,0,0.0,0.0,0.0,0,0.0,0,0,0.0,0.0,0.0,0,0.0,0,0,0.0,0.0,0.0,0,0.0,0,0,0.0,0.0,0.0,0,0.0,0,0,0.0,0.0,0.0,0,,,,67
Jorah Mormont,male,Mormont,,Jeor Mormont,,,0,0,,,,Daenerys Targaryen,,9,60.83,17,1,0.0022,0.0001,11.44,7,28.23,13,0,0.0005,0.0,5.52,8,42.67,14,0,0.0,0.0,8.15,7,27.23,10,0,0.0004,0.0,5.29,8,49.97,10,0,0.0004,0.3497,9.48,3,13.77,4,0,0.0,0.0,2.62,6,75.83,28,0,0.0,0.2787,18.23,0,,,,67
Jory Cassel,male,,,,,,0,0,,,,Eddard Stark,,5,33.28,33,0,0.0062,0.1383,6.26,0,0.0,0,0,0.0,-0.0,0.0,0,0.0,0,0,0.0,0.0,0.0,0,0.0,0,0,0.0,-0.0,0.0,0,0.0,0,0,0.0,-0.0,0.0,0,0.0,0,0,0.0,-0.0,0.0,0,0.0,0,0,0.0,-0.0,0.0,1,Eye stab,Jaime Lannister,s1,5
Joyeuse Erenford,female,,Walder Frey,,,,0,0,,,,,,1,1.6,4,0,0.0006,0.0009,0.3,0,0.0,0,0,0.0,0.0,0.0,1,9.95,10,0,0.0,0.1787,1.9,0,0.0,0,0,0.0,-0.0,0.0,0,0.0,0,0,0.0,-0.0,0.0,0,0.0,0,0,0.0,-0.0,0.0,0,0.0,0,0,0.0,0.0,0.0,1,Throat slash,Catelyn Stark,s3,29
Karl Tanner,male,,,,,,0,0,,,,,,0,0.0,0,0,0.0,-0.0,0.0,0,0.0,0,0,0.0,-0.0,0.0,2,5.83,7,1,0.0,0.0,1.11,2,10.96,6,0,0.0,0.0,2.13,0,0.0,0,0,0.0,0.0,0.0,0,0.0,0,0,0.0,-0.0,0.0,0,0.0,0,0,0.0,0.0,0.0,1,Face stab,Jon Snow,s4,35
Karsi,female,,,,,Johnna;Willa,0,0,,,,,,0,0.0,0,0,0.0,-0.0,0.0,0,0.0,0,0,0.0,-0.0,0.0,0,0.0,0,0,0.0,0.0,0.0,0,0.0,0,0,0.0,-0.0,0.0,1,13.26,7,0,0.0009,-0.0,2.52,0,0.0,0,0,0.0,0.0,0.0,0,0.0,0,0,0.0,-0.0,0.0,1,,Wight children,s5,48
Kayla,female,,,,,,0,0,,,,,,0,0.0,0,0,0.0,-0.0,0.0,0,0.0,0,0,0.0,-0.0,0.0,1,1.23,4,0,0.0,0.0,0.23,1,0.25,4,0,0.0002,0.0008,0.05,0,0.0,0,0,0.0,-0.0,0.0,0,0.0,0,0,0.0,0.0,0.0,0,0.0,0,0,0.0,-0.0,0.0,0,,,,67
Kegs,male,,,,,,0,0,,,,,,0,0.0,0,0,0.0,-0.0,0.0,0,0.0,0,0,0.0,0.0,0.0,0,0.0,0,0,0.0,0.0,0.0,1,3.13,4,0,0.0,0.0,0.61,0,0.0,0,0,0.0,0.0,0.0,0,0.0,0,0,0.0,-0.0,0.0,0,0.0,0,0,0.0,0.0,0.0,1,,Styr,s4,38
Kevan Lannister,male,Lannister,,,Tywin Lannister,Lancel Lannister;Martyn Lannister;Willem Lannister,0,0,,,,,,3,6.37,8,0,0.0011,0.0016,1.2,1,1.78,3,0,0.0016,0.0012,0.35,0,0.0,0,0,0.0,0.0,0.0,0,0.0,0,0,0.0,-0.0,0.0,3,4.82,6,0,0.0,0.0,0.91,5,14.36,12,0,0.0,0.0003,2.73,0,0.0,0,0,0.0,-0.0,0.0,1,Wildfire,Cersei Lannister,s6,60
Khal Drogo,male,,Daenerys Targaryen,,,Rhaego,0,0,,,,,,9,56.93,16,2,0.0007,0.0001,10.7,1,2.67,2,0,0.0,0.0,0.52,0,0.0,0,0,0.0,-0.0,0.0,0,0.0,0,0,0.0,-0.0,0.0,0,0.0,0,0,0.0,-0.0,0.0,0,0.0,0,0,0.0,-0.0,0.0,0,0.0,0,0,0.0,0.0,0.0,1,,Daenerys Targaryen,s2,20
Khal Moro,male,,,,,,0,0,,,,,,0,0.0,0,0,0.0,0.0,0.0,0,0.0,0,0,0.0,0.0,0.0,0,0.0,0,0,0.0,-0.0,0.0,0,0.0,0,0,0.0,0.0,0.0,0,0.0,0,0,0.0,0.0,0.0,3,8.28,8,0,0.001,0.0001,1.58,0,0.0,0,0,0.0,-0.0,0.0,1,Burning,Daenerys Targaryen,s6,54
Khal Rhalko,male,,,,,,0,0,,,,,,0,0.0,0,0,0.0,0.0,0.0,0,0.0,0,0,0.0,0.0,0.0,0,0.0,0,0,0.0,0.0,0.0,0,0.0,0,0,0.0,0.0,0.0,0,0.0,0,0,0.0,-0.0,0.0,1,4.43,6,0,0.001,0.0,0.84,0,0.0,0,0,0.0,0.0,0.0,1,Burning,Daenerys Targaryen,s6,54
King Joffrey Baratheon Dwarf,male,,,,,,0,0,,,,,,0,0.0,0,0,0.0,-0.0,0.0,0,0.0,0,0,0.0,-0.0,0.0,0,0.0,0,0,0.0,-0.0,0.0,1,4.53,17,0,0.0,0.0611,0.88,0,0.0,0,0,0.0,-0.0,0.0,0,0.0,0,0,0.0,-0.0,0.0,0,0.0,0,0,0.0,0.0,0.0,0,,,,67
King Renly Baratheon Dwarf,male,,,,,,0,0,,,,,,0,0.0,0,0,0.0,0.0,0.0,0,0.0,0,0,0.0,-0.0,0.0,0,0.0,0,0,0.0,-0.0,0.0,1,4.53,17,0,0.0,0.0611,0.88,0,0.0,0,0,0.0,0.0,0.0,0,0.0,0,0,0.0,-0.0,0.0,0,0.0,0,0,0.0,-0.0,0.0,0,,,,67
King Robb Stark Dwarf,male,,,,,,0,0,,,,,,0,0.0,0,0,0.0,-0.0,0.0,0,0.0,0,0,0.0,0.0,0.0,0,0.0,0,0,0.0,0.0,0.0,1,4.53,17,0,0.0,0.0611,0.88,0,0.0,0,0,0.0,0.0,0.0,0,0.0,0,0,0.0,-0.0,0.0,0,0.0,0,0,0.0,0.0,0.0,0,,,,67
King Stannis Baratheon Dwarf,male,,,,,,0,0,,,,,,0,0.0,0,0,0.0,0.0,0.0,0,0.0,0,0,0.0,-0.0,0.0,0,0.0,0,0,0.0,-0.0,0.0,1,4.53,17,0,0.0,0.0611,0.88,0,0.0,0,0,0.0,0.0,0.0,0,0.0,0,0,0.0,-0.0,0.0,0,0.0,0,0,0.0,-0.0,0.0,0,,,,67
King's Landing Rioter #1,male,,,,,,0,0,,,,,,0,0.0,0,0,0.0,-0.0,0.0,2,1.28,4,0,0.0,0.0071,0.25,0,0.0,0,0,0.0,-0.0,0.0,0,0.0,0,0,0.0,0.0,0.0,0,0.0,0,0,0.0,-0.0,0.0,0,0.0,0,0,0.0,0.0,0.0,0,0.0,0,0,0.0,0.0,0.0,1,,Sandor Clegane,s2,17
King's Landing Rioter #2,male,,,,,,0,0,,,,,,0,0.0,0,0,0.0,0.0,0.0,2,1.28,4,0,0.0,0.0071,0.25,0,0.0,0,0,0.0,-0.0,0.0,0,0.0,0,0,0.0,0.0,0.0,0,0.0,0,0,0.0,-0.0,0.0,0,0.0,0,0,0.0,-0.0,0.0,0,0.0,0,0,0.0,0.0,0.0,1,,Sandor Clegane,s2,17
King's Landing Rioter #3,male,,,,,,0,0,,,,,,0,0.0,0,0,0.0,0.0,0.0,2,1.28,4,0,0.0,0.0071,0.25,0,0.0,0,0,0.0,0.0,0.0,0,0.0,0,0,0.0,-0.0,0.0,0,0.0,0,0,0.0,-0.0,0.0,0,0.0,0,0,0.0,0.0,0.0,0,0.0,0,0,0.0,0.0,0.0,1,,Sandor Clegane,s2,17
Kinvara,female,,,,,,0,0,,,,,,0,0.0,0,0,0.0,-0.0,0.0,0,0.0,0,0,0.0,-0.0,0.0,0,0.0,0,0,0.0,0.0,0.0,0,0.0,0,0,0.0,-0.0,0.0,0,0.0,0,0,0.0,0.0,0.0,1,4.57,3,0,0.0,0.0,0.87,0,0.0,0,0,0.0,-0.0,0.0,0,,,,67
Kitty Frey,female,Frey,Walder Frey,,,,0,0,,,,,,0,0.0,0,0,0.0,-0.0,0.0,0,0.0,0,0,0.0,0.0,0.0,0,0.0,0,0,0.0,-0.0,0.0,0,0.0,0,0,0.0,-0.0,0.0,0,0.0,0,0,0.0,-0.0,0.0,0,0.0,0,0,0.0,0.0,0.0,1,3.43,2,0,0.0009,0.0,0.82,0,,,,67
Knight of House Frey,,,,,,,0,0,,,,,,0,0.0,0,0,0.0,0.0,0.0,0,0.0,0,0,0.0,-0.0,0.0,0,0.0,0,0,0.0,-0.0,0.0,0,0.0,0,0,0.0,-0.0,0.0,0,0.0,0,0,0.0,-0.0,0.0,0,0.0,0,0,0.0,-0.0,0.0,0,0.0,0,0,0.0,-0.0,0.0,0,,,,67
Knight of House Lynderly,,,,,,,0,0,,,,,,0,0.0,0,0,0.0,0.0,0.0,0,0.0,0,0,0.0,-0.0,0.0,0,0.0,0,0,0.0,-0.0,0.0,0,0.0,0,0,0.0,0.0,0.0,0,0.0,0,0,0.0,-0.0,0.0,0,0.0,0,0,0.0,-0.0,0.0,0,0.0,0,0,0.0,-0.0,0.0,0,,,,67
Kovarro,male,,,,,,0,0,,,,,,0,0.0,0,0,0.0,0.0,0.0,7,18.03,12,0,0.0002,0.0,3.52,0,0.0,0,0,0.0,0.0,0.0,0,0.0,0,0,0.0,-0.0,0.0,0,0.0,0,0,0.0,0.0,0.0,0,0.0,0,0,0.0,-0.0,0.0,0,0.0,0,0,0.0,-0.0,0.0,0,,,,67
Kraznys mo Nakloz,male,,,,,,0,0,,,,,,0,0.0,0,0,0.0,0.0,0.0,0,0.0,0,0,0.0,-0.0,0.0,3,10.87,6,0,0.0,0.0,2.08,0,0.0,0,0,0.0,0.0,0.0,0,0.0,0,0,0.0,0.0,0.0,0,0.0,0,0,0.0,-0.0,0.0,0,0.0,0,0,0.0,0.0,0.0,1,Dragon,Daenerys Targaryen,s3,24
Kurleket,,,,,,,0,0,,,,,,0,0.0,0,0,0.0,-0.0,0.0,0,0.0,0,0,0.0,0.0,0.0,0,0.0,0,0,0.0,0.0,0.0,0,0.0,0,0,0.0,0.0,0.0,0,0.0,0,0,0.0,-0.0,0.0,0,0.0,0,0,0.0,0.0,0.0,0,0.0,0,0,0.0,-0.0,0.0,0,,,,67
Lady,female,Stark,,,Grey Wind;Nymeria;Summer;Shaggydog;Ghost,,0,0,Sansa Stark,,,,,2,5.54,16,0,0.0018,0.0196,1.04,0,0.0,0,0,0.0,-0.0,0.0,0,0.0,0,0,0.0,-0.0,0.0,0,0.0,0,0,0.0,0.0,0.0,0,0.0,0,0,0.0,-0.0,0.0,0,0.0,0,0,0.0,-0.0,0.0,0,0.0,0,0,0.0,-0.0,0.0,1,Stab,Eddard Stark,s1,2
Lady Crane,female,,,,,,0,0,,,,,,0,0.0,0,0,0.0,-0.0,0.0,0,0.0,0,0,0.0,0.0,0.0,0,0.0,0,0,0.0,-0.0,0.0,0,0.0,0,0,0.0,-0.0,0.0,0,0.0,0,0,0.0,-0.0,0.0,3,17.76,9,0,0.0,0.0,3.38,0,0.0,0,0,0.0,-0.0,0.0,1,Multiple stabs,The Waif,s6,58
Lancel Lannister,male,Lannister,,Kevan Lannister,Martyn Lannister;Willem Lannister,,0,0,,,,,,4,9.49,6,0,0.0031,0.0156,1.78,3,12.97,12,0,0.001,0.1193,2.54,0,0.0,0,0,0.0,-0.0,0.0,0,0.0,0,0,0.0,0.0,0.0,5,5.43,9,0,0.0243,0.0,1.03,3,10.58,12,0,0.0034,0.0001,2.01,0,0.0,0,0,0.0,-0.0,0.0,1,Wildfire,Cersei Lannister,s6,60
Lannister Captain,male,,,,,,0,0,,,,,,0,0.0,0,0,0.0,0.0,0.0,0,0.0,0,0,0.0,-0.0,0.0,0,0.0,0,0,0.0,0.0,0.0,0,0.0,0,0,0.0,0.0,0.0,0,0.0,0,0,0.0,0.0,0.0,1,0.93,2,0,0.0,0.0,0.18,0,0.0,0,0,0.0,0.0,0.0,0,,,,67
Lannister Guardsman,,,,,,,0,0,,,,,,0,0.0,0,0,0.0,-0.0,0.0,0,0.0,0,0,0.0,0.0,0.0,0,0.0,0,0,0.0,-0.0,0.0,0,0.0,0,0,0.0,-0.0,0.0,0,0.0,0,0,0.0,0.0,0.0,0,0.0,0,0,0.0,-0.0,0.0,0,0.0,0,0,0.0,-0.0,0.0,0,,,,67
Lannister Messenger,male,,,,,,0,0,,,,,,1,3.3,6,0,0.0,0.001,0.62,0,0.0,0,0,0.0,-0.0,0.0,0,0.0,0,0,0.0,0.0,0.0,0,0.0,0,0,0.0,-0.0,0.0,0,0.0,0,0,0.0,-0.0,0.0,0,0.0,0,0,0.0,0.0,0.0,0,0.0,0,0,0.0,0.0,0.0,0,,,,67
Lannister Scout,male,,,,,,0,0,,,,,,1,2.25,5,0,0.0014,0.0045,0.42,0,0.0,0,0,0.0,0.0,0.0,0,0.0,0,0,0.0,0.0,0.0,0,0.0,0,0,0.0,0.0,0.0,0,0.0,0,0,0.0,0.0,0.0,0,0.0,0,0,0.0,0.0,0.0,0,0.0,0,0,0.0,0.0,0.0,0,,,,67
Lead Dornish Guard,male,,,,,,0,0,,,,,,0,0.0,0,0,0.0,-0.0,0.0,0,0.0,0,0,0.0,-0.0,0.0,0,0.0,0,0,0.0,0.0,0.0,0,0.0,0,0,0.0,0.0,0.0,1,3.03,2,0,0.0,-0.0,0.58,0,0.0,0,0,0.0,-0.0,0.0,0,0.0,0,0,0.0,0.0,0.0,1,Throat slash,Bronn,s5,44
Leaf,female,,,,,,0,0,,,,,,0,0.0,0,0,0.0,-0.0,0.0,0,0.0,0,0,0.0,0.0,0.0,0,0.0,0,0,0.0,0.0,0.0,1,2.93,5,0,0.0,0.0,0.57,0,0.0,0,0,0.0,-0.0,0.0,4,9.31,10,0,0.0,0.0,1.77,0,0.0,0,0,0.0,-0.0,0.0,1,Multiple stabs,Wights,s6,55
Lem Lemoncloak,male,,,,,,0,0,,,,,,0,0.0,0,0,0.0,-0.0,0.0,0,0.0,0,0,0.0,-0.0,0.0,0,0.0,0,0,0.0,0.0,0.0,0,0.0,0,0,0.0,-0.0,0.0,0,0.0,0,0,0.0,0.0,0.0,2,4.2,5,1,0.0001,-0.0,0.8,0,0.0,0,0,0.0,0.0,0.0,1,Hanging,Sandor Clegane,s6,58
Leo Lefford,male,,,,,,0,0,,,,,,1,1.27,4,0,0.0024,0.0003,0.24,0,0.0,0,0,0.0,0.0,0.0,0,0.0,0,0,0.0,0.0,0.0,0,0.0,0,0,0.0,-0.0,0.0,0,0.0,0,0,0.0,-0.0,0.0,0,0.0,0,0,0.0,-0.0,0.0,0,0.0,0,0,0.0,0.0,0.0,0,,,,67
Lhara,female,,,,,,0,0,,,,,,0,0.0,0,0,0.0,-0.0,0.0,0,0.0,0,0,0.0,-0.0,0.0,0,0.0,0,0,0.0,0.0,0.0,1,2.41,2,0,0.0,-0.0,0.47,2,1.22,2,0,0.0051,0.0,0.23,0,0.0,0,0,0.0,0.0,0.0,0,0.0,0,0,0.0,0.0,0.0,0,,,,67
Little Bird,male,,,,,,0,0,,,,,,1,0.55,1,0,0.0,0.0,0.1,0,0.0,0,0,0.0,0.0,0.0,0,0.0,0,0,0.0,0.0,0.0,1,0.75,1,0,0.0,-0.0,0.15,0,0.0,0,0,0.0,-0.0,0.0,0,0.0,0,0,0.0,0.0,0.0,0,0.0,0,0,0.0,0.0,0.0,0,,,,67
Little Bird #3,male,,,,,,0,0,,,,,,0,0.0,0,0,0.0,0.0,0.0,0,0.0,0,0,0.0,-0.0,0.0,0,0.0,0,0,0.0,0.0,0.0,0,0.0,0,0,0.0,0.0,0.0,0,0.0,0,0,0.0,0.0,0.0,2,2.99,10,1,0.0014,0.0,0.57,0,0.0,0,0,0.0,0.0,0.0,0,,,,67
Little Bird #4,male,,,,,,0,0,,,,,,0,0.0,0,0,0.0,0.0,0.0,0,0.0,0,0,0.0,0.0,0.0,0,0.0,0,0,0.0,-0.0,0.0,0,0.0,0,0,0.0,0.0,0.0,0,0.0,0,0,0.0,-0.0,0.0,2,2.21,10,1,0.0023,0.0,0.42,0,0.0,0,0,0.0,-0.0,0.0,0,,,,67
Little Bird #5,male,,,,,,0,0,,,,,,0,0.0,0,0,0.0,0.0,0.0,0,0.0,0,0,0.0,0.0,0.0,0,0.0,0,0,0.0,-0.0,0.0,0,0.0,0,0,0.0,0.0,0.0,0,0.0,0,0,0.0,0.0,0.0,2,2.21,10,1,0.0023,0.0,0.42,0,0.0,0,0,0.0,-0.0,0.0,0,,,,67
Little Bird #6,male,,,,,,0,0,,,,,,0,0.0,0,0,0.0,-0.0,0.0,0,0.0,0,0,0.0,0.0,0.0,0,0.0,0,0,0.0,-0.0,0.0,0,0.0,0,0,0.0,0.0,0.0,0,0.0,0,0,0.0,-0.0,0.0,2,2.21,10,1,0.0023,0.0,0.42,0,0.0,0,0,0.0,-0.0,0.0,0,,,,67
Little Bird #7,male,,,,,,0,0,,,,,,0,0.0,0,0,0.0,-0.0,0.0,0,0.0,0,0,0.0,-0.0,0.0,0,0.0,0,0,0.0,0.0,0.0,0,0.0,0,0,0.0,0.0,0.0,0,0.0,0,0,0.0,0.0,0.0,2,2.21,10,1,0.0023,0.0,0.42,0,0.0,0,0,0.0,-0.0,0.0,0,,,,67
Loboda,male,,,,,,0,0,,,,,,0,0.0,0,0,0.0,-0.0,0.0,0,0.0,0,0,0.0,-0.0,0.0,0,0.0,0,0,0.0,0.0,0.0,0,0.0,0,0,0.0,0.0,0.0,1,10.7,7,0,0.0,-0.0,2.03,0,0.0,0,0,0.0,0.0,0.0,0,0.0,0,0,0.0,-0.0,0.0,1,Chest stab,White Walker,s5,48
Locke,male,,,,,,0,0,,,,,,0,0.0,0,0,0.0,0.0,0.0,0,0.0,0,0,0.0,-0.0,0.0,5,17.22,6,0,0.0002,0.0061,3.29,3,16.49,17,0,0.0069,0.0,3.2,0,0.0,0,0,0.0,-0.0,0.0,0,0.0,0,0,0.0,-0.0,0.0,0,0.0,0,0,0.0,0.0,0.0,1,,Hodor;Bran Stark,s4,35
Lollys Stokeworth,female,,Bronn,,,,0,0,,,,,,0,0.0,0,0,0.0,-0.0,0.0,0,0.0,0,0,0.0,0.0,0.0,0,0.0,0,0,0.0,-0.0,0.0,0,0.0,0,0,0.0,0.0,0.0,1,2.03,2,0,0.001,-0.0,0.39,0,0.0,0,0,0.0,-0.0,0.0,0,0.0,0,0,0.0,-0.0,0.0,0,,,,67
Lommy Greenhands,male,,,,,,0,0,,,,,,1,2.25,4,0,0.0,0.0021,0.42,3,5.31,7,0,0.0001,0.0022,1.04,0,0.0,0,0,0.0,-0.0,0.0,0,0.0,0,0,0.0,0.0,0.0,0,0.0,0,0,0.0,0.0,0.0,0,0.0,0,0,0.0,-0.0,0.0,0,0.0,0,0,0.0,0.0,0.0,1,,Polliver,s2,13
Loras Tyrell,male,Tyrell,,Mace Tyrell,Margaery Tyrell,,0,0,,,,,,1,7.93,13,0,0.0002,0.0336,1.49,5,17.68,16,0,0.0058,0.1265,3.46,5,11.7,13,0,0.0001,0.0,2.23,2,18.93,21,0,0.0,0.1851,3.68,4,8.83,10,0,0.0,0.0,1.68,2,7.48,5,0,0.0,0.0,1.42,0,0.0,0,0,0.0,-0.0,0.0,1,Wildfire,Cersei Lannister,s6,60
Lord Galbart Glover,,,,,,,0,0,,,,,,0,0.0,0,0,0.0,-0.0,0.0,0,0.0,0,0,0.0,-0.0,0.0,0,0.0,0,0,0.0,-0.0,0.0,0,0.0,0,0,0.0,-0.0,0.0,0,0.0,0,0,0.0,0.0,0.0,0,0.0,0,0,0.0,-0.0,0.0,0,0.0,0,0,0.0,-0.0,0.0,0,,,,67
Lord Portan,male,,,,,,0,0,,,,,,0,0.0,0,0,0.0,0.0,0.0,1,1.93,2,0,0.0,0.0,0.38,0,0.0,0,0,0.0,0.0,0.0,0,0.0,0,0,0.0,-0.0,0.0,0,0.0,0,0,0.0,-0.0,0.0,0,0.0,0,0,0.0,-0.0,0.0,0,0.0,0,0,0.0,-0.0,0.0,0,,,,67
Lord Varys,male,,,,,,0,0,,,,,,7,49.15,20,0,0.004,0.1639,9.24,6,26.56,15,0,0.0041,0.2427,5.19,5,25.56,14,0,0.0,0.0,4.88,5,22.2,23,0,0.0,0.1604,4.31,4,14.59,3,0,0.0,0.0487,2.77,7,23.72,15,0,0.026,0.0002,4.51,6,51.21,25,0,0.0,0.255,12.31,0,,,,67
Lordsport Dockhand,male,,,,,,0,0,,,,,,0,0.0,0,0,0.0,-0.0,0.0,1,1.32,1,0,0.0,0.0,0.26,0,0.0,0,0,0.0,-0.0,0.0,0,0.0,0,0,0.0,0.0,0.0,0,0.0,0,0,0.0,0.0,0.0,0,0.0,0,0,0.0,0.0,0.0,0,0.0,0,0,0.0,0.0,0.0,0,,,,67
Lothar Frey,male,Frey,,Walder Frey,,,0,0,,,,,,0,0.0,0,0,0.0,-0.0,0.0,0,0.0,0,0,0.0,-0.0,0.0,2,10.37,10,1,0.0,0.1979,1.98,0,0.0,0,0,0.0,-0.0,0.0,0,0.0,0,0,0.0,0.0,0.0,4,7.8,7,0,0.0,0.0002,1.48,0,0.0,0,0,0.0,0.0,0.0,1,,Arya Stark,s6,60
Loyal Night's Watchman #1,male,,,,,,0,0,,,,,,0,0.0,0,0,0.0,-0.0,0.0,0,0.0,0,0,0.0,0.0,0.0,0,0.0,0,0,0.0,0.0,0.0,0,0.0,0,0,0.0,0.0,0.0,0,0.0,0,0,0.0,0.0,0.0,2,7.6,10,0,0.0015,0.0623,1.45,0,0.0,0,0,0.0,0.0,0.0,0,,,,67
Loyal Night's Watchman #2,male,,,,,,0,0,,,,,,0,0.0,0,0,0.0,-0.0,0.0,0,0.0,0,0,0.0,0.0,0.0,0,0.0,0,0,0.0,-0.0,0.0,0,0.0,0,0,0.0,-0.0,0.0,0,0.0,0,0,0.0,-0.0,0.0,2,7.6,10,0,0.0015,0.0623,1.45,0,0.0,0,0,0.0,-0.0,0.0,0,,,,67
Lyanna Mormont,female,Mormont,,,,,0,0,,,,,,0,0.0,0,0,0.0,-0.0,0.0,0,0.0,0,0,0.0,-0.0,0.0,0,0.0,0,0,0.0,0.0,0.0,0,0.0,0,0,0.0,-0.0,0.0,0,0.0,0,0,0.0,0.0,0.0,3,14.68,11,0,0.0001,0.1589,2.79,2,8.95,10,0,0.0,0.0247,2.15,0,,,,67
Lyanna Stark,female,Stark,Robert Baratheon;Rhaegar Targaryen,Rickard Stark,Brandon Stark;Benjen Stark;Eddard Stark,Jon Snow,0,0,,,,,,0,0.0,0,0,0.0,-0.0,0.0,0,0.0,0,0,0.0,-0.0,0.0,0,0.0,0,0,0.0,-0.0,0.0,0,0.0,0,0,0.0,0.0,0.0,0,0.0,0,0,0.0,0.0,0.0,1,2.2,2,0,0.0,0.0,0.42,1,0.83,4,0,0.0,0.0,0.2,0,,,,67
Lysa Arryn,female,Arryn;Tully,Petyr Baelish,Hoster Tully,Catelyn Tully;Edmure Tully,,0,0,,,,,,3,13.91,7,1,0.0,0.0183,2.61,0,0.0,0,0,0.0,0.0,0.0,0,0.0,0,0,0.0,-0.0,0.0,2,11.95,3,0,0.0,0.0064,2.32,0,0.0,0,0,0.0,-0.0,0.0,0,0.0,0,0,0.0,0.0,0.0,0,0.0,0,0,0.0,-0.0,0.0,1,Moon Door,Petyr Baelish,s4,37
Mace Tyrell,male,Tyrell,,,,Margaery Tyrell;Loras Tyrell,0,0,,,,,,0,0.0,0,0,0.0,0.0,0.0,0,0.0,0,0,0.0,-0.0,0.0,0,0.0,0,0,0.0,0.0,0.0,4,39.4,24,0,0.0,0.3252,7.65,5,9.35,12,0,0.0,0.0,1.77,4,15.84,13,0,0.0,0.0003,3.01,0,0.0,0,0,0.0,0.0,0.0,1,Wildfire,Cersei Lannister,s6,60
Maester Aemon,male,Targaryen,,,,,0,0,,,,,,3,11.22,10,0,0.0,0.0069,2.11,0,0.0,0,0,0.0,-0.0,0.0,1,2.78,3,0,0.0,0.0,0.53,4,9.59,14,0,0.0001,0.0,1.86,3,11.09,10,0,0.0,-0.0,2.1,0,0.0,0,0,0.0,0.0,0.0,0,0.0,0,0,0.0,0.0,0.0,1,Old age,,s5,47
Maester Cressen,male,,,,,,0,0,,,,,,0,0.0,0,0,0.0,0.0,0.0,1,7.2,5,1,0.0,0.0041,1.41,0,0.0,0,0,0.0,-0.0,0.0,0,0.0,0,0,0.0,-0.0,0.0,0,0.0,0,0,0.0,0.0,0.0,0,0.0,0,0,0.0,-0.0,0.0,0,0.0,0,0,0.0,-0.0,0.0,1,Poison,Maester Cressen,s2,11
Maester Luwin,male,,,,,,0,0,,,,,,7,23.76,25,0,0.0001,0.086,4.47,7,24.84,11,0,0.0,0.0003,4.86,0,0.0,0,0,0.0,-0.0,0.0,0,0.0,0,0,0.0,-0.0,0.0,0,0.0,0,0,0.0,-0.0,0.0,0,0.0,0,0,0.0,0.0,0.0,0,0.0,0,0,0.0,0.0,0.0,1,,Osha,s2,20
Maester Wolkan,male,,,,,,0,0,,,,,,0,0.0,0,0,0.0,0.0,0.0,0,0.0,0,0,0.0,0.0,0.0,0,0.0,0,0,0.0,-0.0,0.0,0,0.0,0,0,0.0,0.0,0.0,0,0.0,0,0,0.0,0.0,0.0,2,3.49,4,0,0.0001,0.0049,0.66,6,8.8,6,0,0.0,0.0024,2.12,0,,,,67
Mag the Mighty,male,,,,,,0,0,,,,,,0,0.0,0,0,0.0,-0.0,0.0,0,0.0,0,0,0.0,-0.0,0.0,0,0.0,0,0,0.0,0.0,0.0,1,4.56,4,1,0.0,-0.0,0.89,0,0.0,0,0,0.0,-0.0,0.0,0,0.0,0,0,0.0,0.0,0.0,0,0.0,0,0,0.0,0.0,0.0,1,Multiple stabs,Grenn;Donnel Hill;Cooper,s4,39
Maggy,female,,,,,,0,0,,,,,,0,0.0,0,0,0.0,-0.0,0.0,0,0.0,0,0,0.0,0.0,0.0,0,0.0,0,0,0.0,0.0,0.0,0,0.0,0,0,0.0,0.0,0.0,1,2.55,1,0,0.0,0.0,0.48,0,0.0,0,0,0.0,-0.0,0.0,0,0.0,0,0,0.0,0.0,0.0,0,,,,67
Mago,male,,,,,,0,0,,,,,,1,6.32,8,0,0.0,0.0,1.19,0,0.0,0,0,0.0,0.0,0.0,0,0.0,0,0,0.0,-0.0,0.0,0,0.0,0,0,0.0,0.0,0.0,0,0.0,0,0,0.0,-0.0,0.0,0,0.0,0,0,0.0,-0.0,0.0,0,0.0,0,0,0.0,0.0,0.0,1,Tongue removal,Khal Drogo,s1,8
Male Prostitute,,,,,,,0,0,,,,,,0,0.0,0,0,0.0,0.0,0.0,0,0.0,0,0,0.0,0.0,0.0,0,0.0,0,0,0.0,-0.0,0.0,0,0.0,0,0,0.0,0.0,0.0,0,0.0,0,0,0.0,0.0,0.0,0,0.0,0,0,0.0,0.0,0.0,0,0.0,0,0,0.0,-0.0,0.0,0,,,,67
Malko,male,,,,,,0,0,,,,,,0,0.0,0,0,0.0,-0.0,0.0,0,0.0,0,0,0.0,-0.0,0.0,0,0.0,0,0,0.0,-0.0,0.0,0,0.0,0,0,0.0,-0.0,0.0,2,5.47,3,0,0.0,0.033,1.04,0,0.0,0,0,0.0,-0.0,0.0,0,0.0,0,0,0.0,-0.0,0.0,0,,,,67
Mance Rayder,male,,,,,,0,0,,,,,,0,0.0,0,0,0.0,-0.0,0.0,0,0.0,0,0,0.0,0.0,0.0,3,9.45,5,0,0.0,0.0002,1.8,1,9.63,3,0,0.0,0.0,1.87,1,9.16,13,0,0.0001,-0.0,1.74,0,0.0,0,0,0.0,-0.0,0.0,0,0.0,0,0,0.0,0.0,0.0,1,Arrow,Jon Snow,s5,41
Mandon Moore,male,,,,,,0,0,,,,,,0,0.0,0,0,0.0,0.0,0.0,2,4.47,10,0,0.0076,0.0369,0.87,0,0.0,0,0,0.0,0.0,0.0,0,0.0,0,0,0.0,-0.0,0.0,0,0.0,0,0,0.0,0.0,0.0,0,0.0,0,0,0.0,0.0,0.0,0,0.0,0,0,0.0,0.0,0.0,1,Face stab,Podrick Payne,s2,19
Manservant,male,,,,,,0,0,,,,,,0,0.0,0,0,0.0,0.0,0.0,0,0.0,0,0,0.0,0.0,0.0,0,0.0,0,0,0.0,0.0,0.0,1,3.12,6,0,0.0006,0.0,0.61,0,0.0,0,0,0.0,0.0,0.0,0,0.0,0,0,0.0,-0.0,0.0,0,0.0,0,0,0.0,0.0,0.0,0,,,,67
Marei,female,,,,,,0,0,,,,,,0,0.0,0,0,0.0,-0.0,0.0,0,0.0,0,0,0.0,-0.0,0.0,1,1.23,4,0,0.0,0.0,0.23,2,5.21,4,0,0.0,0.008,1.01,0,0.0,0,0,0.0,0.0,0.0,1,0.37,1,0,0.0,0.0,0.07,0,0.0,0,0,0.0,-0.0,0.0,0,,,,67
Margaery Tyrell,female,Tyrell,Renly Baratheon;Joffrey Baratheon;Tommen Baratheon,Mace Tyrell,Loras Tyrell,,0,0,,,,,,0,0.0,0,0,0.0,0.0,0.0,4,16.26,12,0,0.0,0.1213,3.18,6,32.69,13,0,0.0,0.0,6.24,6,41.54,27,0,0.0,0.2654,8.07,5,18.17,10,0,0.0,0.0,3.45,5,29.62,10,0,0.0,0.0002,5.63,0,0.0,0,0,0.0,-0.0,0.0,1,Wildfire,Cersei Lannister,s6,60
Margaery's Handmaiden,female,,,,,,0,0,,,,,,0,0.0,0,0,0.0,0.0,0.0,0,0.0,0,0,0.0,-0.0,0.0,1,2.03,2,0,0.0,0.0,0.39,0,0.0,0,0,0.0,-0.0,0.0,0,0.0,0,0,0.0,-0.0,0.0,0,0.0,0,0,0.0,0.0,0.0,0,0.0,0,0,0.0,-0.0,0.0,0,,,,67
Marillion,male,,,,,,0,0,,,,,,3,9.12,11,0,0.0002,0.0206,1.71,0,0.0,0,0,0.0,-0.0,0.0,0,0.0,0,0,0.0,-0.0,0.0,0,0.0,0,0,0.0,-0.0,0.0,0,0.0,0,0,0.0,0.0,0.0,0,0.0,0,0,0.0,0.0,0.0,0,0.0,0,0,0.0,0.0,0.0,0,,,,67
Martyn Lannister,male,Lannister,,Kevan Lannister,Lancel Lannister;Willem Lannister,,0,0,,,,,,0,0.0,0,0,0.0,-0.0,0.0,0,0.0,0,0,0.0,0.0,0.0,2,1.26,3,0,0.0001,0.0029,0.24,0,0.0,0,0,0.0,0.0,0.0,0,0.0,0,0,0.0,0.0,0.0,0,0.0,0,0,0.0,0.0,0.0,0,0.0,0,0,0.0,0.0,0.0,1,Chest stab,Rickard Karstark,s3,25
Masha Heddle,,,,,,,0,0,,,,,,0,0.0,0,0,0.0,-0.0,0.0,0,0.0,0,0,0.0,-0.0,0.0,0,0.0,0,0,0.0,0.0,0.0,0,0.0,0,0,0.0,-0.0,0.0,0,0.0,0,0,0.0,0.0,0.0,0,0.0,0,0,0.0,0.0,0.0,0,0.0,0,0,0.0,-0.0,0.0,0,,,,67
Matthos Seaworth,male,,,Davos Seaworth,,,0,0,,,,,,0,0.0,0,0,0.0,-0.0,0.0,4,15.5,6,0,0.0,0.0062,3.03,0,0.0,0,0,0.0,-0.0,0.0,0,0.0,0,0,0.0,0.0,0.0,0,0.0,0,0,0.0,-0.0,0.0,0,0.0,0,0,0.0,-0.0,0.0,0,0.0,0,0,0.0,0.0,0.0,1,Wildfire,Bronn,s2,19
Meera Reed,female,,,Howland Reed,,,0,0,,,,,,0,0.0,0,0,0.0,-0.0,0.0,0,0.0,0,0,0.0,0.0,0.0,5,23.5,9,0,0.0,0.0021,4.49,4,21.78,10,1,0.0,0.0,4.23,0,0.0,0,0,0.0,-0.0,0.0,4,17.52,8,1,0.0,0.0,3.33,3,4.15,4,0,0.0017,0.0001,1.0,0,,,,67
Meereen Slave Master,,,,,,,0,0,,,,,,0,0.0,0,0,0.0,-0.0,0.0,0,0.0,0,0,0.0,-0.0,0.0,0,0.0,0,0,0.0,0.0,0.0,0,0.0,0,0,0.0,0.0,0.0,0,0.0,0,0,0.0,-0.0,0.0,0,0.0,0,0,0.0,0.0,0.0,0,0.0,0,0,0.0,0.0,0.0,0,,,,67
Melessa Tarly,female,,Randyll Tarly,,,Dickon Tarly;Samwell Tarly;Talla Tarly,0,0,,,,,,0,0.0,0,0,0.0,-0.0,0.0,0,0.0,0,0,0.0,0.0,0.0,0,0.0,0,0,0.0,0.0,0.0,0,0.0,0,0,0.0,0.0,0.0,0,0.0,0,0,0.0,0.0,0.0,1,7.92,6,0,0.0,0.0,1.51,0,0.0,0,0,0.0,-0.0,0.0,0,,,,67
Melisandre,female,,,,,,0,0,,,,,,0,0.0,0,0,0.0,-0.0,0.0,4,20.64,9,1,0.0015,0.0163,4.04,6,27.28,7,0,0.0024,0.0003,5.21,3,9.24,11,0,0.0004,0.0,1.79,6,22.2,13,1,0.0,-0.0,4.21,8,27.53,21,0,0.0547,0.1856,5.24,2,5.1,5,0,0.0,0.0114,1.23,0,,,,67
Merchant Captain,male,,,,,,0,0,,,,,,0,0.0,0,0,0.0,-0.0,0.0,0,0.0,0,0,0.0,-0.0,0.0,0,0.0,0,0,0.0,-0.0,0.0,0,0.0,0,0,0.0,0.0,0.0,1,1.82,5,0,0.0081,-0.0,0.35,0,0.0,0,0,0.0,0.0,0.0,0,0.0,0,0,0.0,0.0,0.0,1,Face stab,Obara Sand,s5,44
Mero,male,,,,,,0,0,,,,,,0,0.0,0,0,0.0,0.0,0.0,0,0.0,0,0,0.0,-0.0,0.0,1,5.23,7,0,0.0001,0.0,1.0,0,0.0,0,0,0.0,-0.0,0.0,0,0.0,0,0,0.0,-0.0,0.0,0,0.0,0,0,0.0,-0.0,0.0,0,0.0,0,0,0.0,0.0,0.0,1,Decapitation,Daario Naharis,s3,28
Meryn Trant,male,,,,,,0,0,,,,,,2,14.14,16,1,0.0007,0.0621,2.66,3,10.99,11,0,0.0,0.1905,2.15,1,1.25,4,0,0.0122,0.0,0.24,4,5.5,16,0,0.001,0.0292,1.07,6,14.64,12,0,0.0101,0.0,2.78,0,0.0,0,0,0.0,0.0,0.0,0,0.0,0,0,0.0,-0.0,0.0,1,Multiple stabs,Arya Stark,s5,50
Mhaegen,female,,,,,,0,0,,,,,,1,0.93,1,0,0.0,0.001,0.17,1,2.08,3,0,0.0,0.0037,0.41,0,0.0,0,0,0.0,0.0,0.0,0,0.0,0,0,0.0,-0.0,0.0,0,0.0,0,0,0.0,-0.0,0.0,0,0.0,0,0,0.0,-0.0,0.0,0,0.0,0,0,0.0,0.0,0.0,0,,,,67
Mikken,,,,,,,0,0,,,,,,0,0.0,0,0,0.0,-0.0,0.0,0,0.0,0,0,0.0,-0.0,0.0,0,0.0,0,0,0.0,0.0,0.0,0,0.0,0,0,0.0,0.0,0.0,0,0.0,0,0,0.0,0.0,0.0,0,0.0,0,0,0.0,-0.0,0.0,0,0.0,0,0,0.0,0.0,0.0,0,,,,67
Mirelle,female,,,,,,0,0,,,,,,0,0.0,0,0,0.0,0.0,0.0,0,0.0,0,0,0.0,0.0,0.0,1,1.03,2,0,0.0001,0.0,0.2,0,0.0,0,0,0.0,0.0,0.0,0,0.0,0,0,0.0,0.0,0.0,0,0.0,0,0,0.0,0.0,0.0,0,0.0,0,0,0.0,-0.0,0.0,0,,,,67
Mirri Maz Duur,female,,,,,,0,0,,,,,,3,23.35,12,0,0.0,0.0,4.39,0,0.0,0,0,0.0,0.0,0.0,0,0.0,0,0,0.0,0.0,0.0,0,0.0,0,0,0.0,0.0,0.0,0,0.0,0,0,0.0,-0.0,0.0,0,0.0,0,0,0.0,-0.0,0.0,0,0.0,0,0,0.0,0.0,0.0,1,Burning,Daenerys Targaryen,s1,10
Missandei,female,,,,,,0,0,,,,Daenerys Targaryen,,0,0.0,0,0,0.0,0.0,0.0,0,0.0,0,0,0.0,-0.0,0.0,8,31.31,13,0,0.0,0.0,5.98,7,32.38,7,0,0.0,-0.0,6.29,7,39.14,9,0,0.0,0.406,7.43,7,24.15,7,0,0.0,0.0003,4.59,5,67.35,25,0,0.0,0.2957,16.2,0,,,,67
Mord,male,,,,,,0,0,,,,,,2,8.22,7,0,0.0047,0.0077,1.55,0,0.0,0,0,0.0,0.0,0.0,0,0.0,0,0,0.0,-0.0,0.0,0,0.0,0,0,0.0,0.0,0.0,0,0.0,0,0,0.0,0.0,0.0,0,0.0,0,0,0.0,-0.0,0.0,0,0.0,0,0,0.0,-0.0,0.0,0,,,,67
Mossador,male,,,,,,0,0,,,,,,0,0.0,0,0,0.0,-0.0,0.0,0,0.0,0,0,0.0,0.0,0.0,0,0.0,0,0,0.0,-0.0,0.0,1,1.9,1,0,0.0,0.0,0.37,2,6.35,6,0,0.0,0.0755,1.21,0,0.0,0,0,0.0,0.0,0.0,0,0.0,0,0,0.0,0.0,0.0,1,Decapitation,Daario Naharis,s5,42
Musician #1,male,,,,,,0,0,,,,,,0,0.0,0,0,0.0,-0.0,0.0,0,0.0,0,0,0.0,0.0,0.0,0,0.0,0,0,0.0,-0.0,0.0,1,0.38,6,0,0.0004,0.0009,0.07,0,0.0,0,0,0.0,-0.0,0.0,2,6.57,9,0,0.0004,0.0,1.25,0,0.0,0,0,0.0,0.0,0.0,0,,,,67
Musician #2,male,,,,,,0,0,,,,,,0,0.0,0,0,0.0,0.0,0.0,0,0.0,0,0,0.0,-0.0,0.0,0,0.0,0,0,0.0,-0.0,0.0,1,0.38,6,0,0.0004,0.0009,0.07,0,0.0,0,0,0.0,0.0,0.0,2,6.57,9,0,0.0004,0.0,1.25,0,0.0,0,0,0.0,-0.0,0.0,0,,,,67
Musician #3,male,,,,,,0,0,,,,,,0,0.0,0,0,0.0,0.0,0.0,0,0.0,0,0,0.0,0.0,0.0,0,0.0,0,0,0.0,0.0,0.0,1,0.38,6,0,0.0004,0.0009,0.07,0,0.0,0,0,0.0,0.0,0.0,2,6.57,9,0,0.0004,0.0,1.25,0,0.0,0,0,0.0,0.0,0.0,0,,,,67
Musician #4,male,,,,,,0,0,,,,,,0,0.0,0,0,0.0,0.0,0.0,0,0.0,0,0,0.0,0.0,0.0,0,0.0,0,0,0.0,0.0,0.0,0,0.0,0,0,0.0,-0.0,0.0,0,0.0,0,0,0.0,-0.0,0.0,2,6.57,9,0,0.0004,0.0,1.25,0,0.0,0,0,0.0,-0.0,0.0,0,,,,67
Musician #5,male,,,,,,0,0,,,,,,0,0.0,0,0,0.0,0.0,0.0,0,0.0,0,0,0.0,-0.0,0.0,0,0.0,0,0,0.0,-0.0,0.0,0,0.0,0,0,0.0,-0.0,0.0,0,0.0,0,0,0.0,0.0,0.0,2,6.57,9,0,0.0004,0.0,1.25,0,0.0,0,0,0.0,-0.0,0.0,0,,,,67
Mycah,male,,,,,,0,0,,,,,,1,3.24,6,0,0.006,0.0083,0.61,0,0.0,0,0,0.0,-0.0,0.0,0,0.0,0,0,0.0,0.0,0.0,0,0.0,0,0,0.0,0.0,0.0,0,0.0,0,0,0.0,0.0,0.0,0,0.0,0,0,0.0,0.0,0.0,0,0.0,0,0,0.0,-0.0,0.0,1,Horse,Sandor Clegane,s1,2
Myranda,female,,,,,,0,0,,,,,,0,0.0,0,0,0.0,-0.0,0.0,0,0.0,0,0,0.0,0.0,0.0,1,5.38,2,0,0.0,-0.0,1.03,2,2.88,2,0,0.0,0.0,0.56,4,11.63,6,0,0.0,0.0,2.21,1,1.27,2,0,0.0002,0.0014,0.24,0,0.0,0,0,0.0,0.0,0.0,1,,Theon Greyjoy,s6,51
Myrcella Baratheon,female,Baratheon,Trystane Martell,Robert Baratheon;Cersei Lannister;Jaime Lannister,Joffrey Baratheon;Tommen Baratheon,,1,0,,,,,,4,15.97,28,0,0.0,0.1282,3.0,4,6.19,10,0,0.0,0.111,1.21,0,0.0,0,0,0.0,-0.0,0.0,0,0.0,0,0,0.0,-0.0,0.0,5,14.58,9,0,0.0,-0.0,2.77,1,4.74,3,0,0.0,0.0001,0.9,0,0.0,0,0,0.0,0.0,0.0,1,,Ellaria Sand,s6,52
Night's Watch Deserter,,,,,,,0,0,,,,,,0,0.0,0,0,0.0,-0.0,0.0,0,0.0,0,0,0.0,-0.0,0.0,0,0.0,0,0,0.0,0.0,0.0,0,0.0,0,0,0.0,0.0,0.0,0,0.0,0,0,0.0,-0.0,0.0,0,0.0,0,0,0.0,-0.0,0.0,0,0.0,0,0,0.0,0.0,0.0,0,,,,67
Night's Watch Messenger,,,,,,,0,0,,,,,,0,0.0,0,0,0.0,0.0,0.0,0,0.0,0,0,0.0,0.0,0.0,0,0.0,0,0,0.0,-0.0,0.0,0,0.0,0,0,0.0,0.0,0.0,0,0.0,0,0,0.0,-0.0,0.0,0,0.0,0,0,0.0,0.0,0.0,0,0.0,0,0,0.0,0.0,0.0,0,,,,67
Night's Watch Officer,,,,,,,0,0,,,,,,0,0.0,0,0,0.0,0.0,0.0,0,0.0,0,0,0.0,-0.0,0.0,0,0.0,0,0,0.0,-0.0,0.0,0,0.0,0,0,0.0,0.0,0.0,0,0.0,0,0,0.0,-0.0,0.0,0,0.0,0,0,0.0,0.0,0.0,0,0.0,0,0,0.0,0.0,0.0,0,,,,67
Night's Watchman,male,,,,,,0,0,,,,,,0,0.0,0,0,0.0,0.0,0.0,0,0.0,0,0,0.0,0.0,0.0,0,0.0,0,0,0.0,-0.0,0.0,1,0.37,3,0,0.0021,-0.0,0.07,0,0.0,0,0,0.0,0.0,0.0,1,0.28,6,0,0.0428,0.003,0.05,0,0.0,0,0,0.0,0.0,0.0,0,,,,67
Night's Watchman #1,male,,,,,,0,0,,,,,,0,0.0,0,0,0.0,-0.0,0.0,0,0.0,0,0,0.0,-0.0,0.0,0,0.0,0,0,0.0,-0.0,0.0,0,0.0,0,0,0.0,0.0,0.0,0,0.0,0,0,0.0,0.0,0.0,1,1.95,5,0,0.0,0.0033,0.37,0,0.0,0,0,0.0,0.0,0.0,0,,,,67
Night's Watchman #2,male,,,,,,0,0,,,,,,0,0.0,0,0,0.0,-0.0,0.0,0,0.0,0,0,0.0,0.0,0.0,0,0.0,0,0,0.0,0.0,0.0,0,0.0,0,0,0.0,-0.0,0.0,0,0.0,0,0,0.0,-0.0,0.0,2,2.35,6,0,0.0027,0.0038,0.45,0,0.0,0,0,0.0,-0.0,0.0,0,,,,67
Northman Rioter,male,,,,,,0,0,,,,,,0,0.0,0,0,0.0,-0.0,0.0,0,0.0,0,0,0.0,-0.0,0.0,0,0.0,0,0,0.0,0.0,0.0,0,0.0,0,0,0.0,0.0,0.0,0,0.0,0,0,0.0,0.0,0.0,1,0.38,4,0,0.0,0.0032,0.07,0,0.0,0,0,0.0,0.0,0.0,0,,,,67
Nymeria,female,Stark,,,Grey Wind;Lady;Summer;Shaggydog;Ghost,,0,0,Arya Stark,,,,,2,8.9,16,0,0.0,0.0238,1.67,0,0.0,0,0,0.0,0.0,0.0,0,0.0,0,0,0.0,0.0,0.0,0,0.0,0,0,0.0,0.0,0.0,0,0.0,0,0,0.0,-0.0,0.0,0,0.0,0,0,0.0,-0.0,0.0,1,1.28,1,0,0.0,0.0,0.31,0,,,,67
Nymeria Sand,female,Martell,,Oberyn Martell,,,0,0,,,,,,0,0.0,0,0,0.0,0.0,0.0,0,0.0,0,0,0.0,-0.0,0.0,0,0.0,0,0,0.0,-0.0,0.0,0,0.0,0,0,0.0,-0.0,0.0,5,13.11,10,0,0.0014,-0.0,2.49,2,2.78,6,0,0.001,0.0,0.53,1,1.63,3,0,0.0,0.0003,0.39,1,,Euron Greyjoy,s7,62
Obara Sand,female,Martell,,Oberyn Martell,,,0,0,,,,,,0,0.0,0,0,0.0,-0.0,0.0,0,0.0,0,0,0.0,0.0,0.0,0,0.0,0,0,0.0,0.0,0.0,0,0.0,0,0,0.0,-0.0,0.0,5,13.11,10,1,0.0014,-0.0,2.49,2,2.78,6,1,0.001,0.0,0.53,1,1.38,3,0,0.0001,0.0002,0.33,1,,Euron Greyjoy,s7,62
Oberyn Martell,male,Martell,Ellaria Sand,,Doran Martell;Elia Martell,Obara Sand;Nymeria Sand;Tyene Sand,0,0,,,,,,0,0.0,0,0,0.0,0.0,0.0,0,0.0,0,0,0.0,-0.0,0.0,0,0.0,0,0,0.0,0.0,0.0,7,55.85,27,0,0.0,0.2849,10.85,0,0.0,0,0,0.0,0.0,0.0,0,0.0,0,0,0.0,0.0,0.0,0,0.0,0,0,0.0,0.0,0.0,1,,Gregor Clegane,s4,38
Old Nan,female,,,,,,0,0,,,,,,2,3.93,5,0,0.0006,0.0038,0.74,0,0.0,0,0,0.0,0.0,0.0,0,0.0,0,0,0.0,0.0,0.0,0,0.0,0,0,0.0,-0.0,0.0,0,0.0,0,0,0.0,0.0,0.0,0,0.0,0,0,0.0,0.0,0.0,0,0.0,0,0,0.0,0.0,0.0,0,,,,67
Old Woman Prisoner,female,,,,,,0,0,,,,,,0,0.0,0,0,0.0,-0.0,0.0,1,1.37,4,0,0.0015,0.0005,0.27,0,0.0,0,0,0.0,0.0,0.0,0,0.0,0,0,0.0,-0.0,0.0,0,0.0,0,0,0.0,-0.0,0.0,0,0.0,0,0,0.0,0.0,0.0,0,0.0,0,0,0.0,0.0,0.0,0,,,,67
Olenna Tyrell,female,Tyrell,,,,Mace Tyrell,0,0,,,,,,0,0.0,0,0,0.0,-0.0,0.0,0,0.0,0,0,0.0,-0.0,0.0,5,21.67,12,0,0.0,0.0,4.14,4,19.68,23,1,0.0001,0.1345,3.82,2,12.98,7,0,0.0,0.0,2.46,5,14.77,16,0,0.0038,0.0003,2.81,2,10.13,9,0,0.0,0.0155,2.44,1,Poison,Jaime Lannister,s7,63
Olly,male,,,,,,0,0,,,,,,0,0.0,0,0,0.0,-0.0,0.0,0,0.0,0,0,0.0,-0.0,0.0,0,0.0,0,0,0.0,-0.0,0.0,5,13.45,20,1,0.0006,0.0,2.61,9,28.31,19,1,0.004,-0.0,5.37,3,8.02,14,0,0.0021,0.0605,1.53,0,0.0,0,0,0.0,-0.0,0.0,1,,Jon Snow,s6,53
Olyvar,male,,,,,,0,0,,,,,,0,0.0,0,0,0.0,-0.0,0.0,0,0.0,0,0,0.0,0.0,0.0,1,1.71,4,0,0.0014,0.0,0.33,2,7.74,6,0,0.0004,0.0126,1.5,4,5.67,8,0,0.0006,0.0,1.08,0,0.0,0,0,0.0,0.0,0.0,0,0.0,0,0,0.0,-0.0,0.0,0,,,,67
Orell,male,,,,,,0,0,,,,,,0,0.0,0,0,0.0,0.0,0.0,0,0.0,0,0,0.0,0.0,0.0,6,17.5,6,0,0.0013,0.0003,3.34,0,0.0,0,0,0.0,-0.0,0.0,0,0.0,0,0,0.0,0.0,0.0,0,0.0,0,0,0.0,0.0,0.0,0,0.0,0,0,0.0,0.0,0.0,1,Chest stab,Jon Snow,s3,29
Ornela,female,,,,,,0,0,,,,,,0,0.0,0,0,0.0,0.0,0.0,0,0.0,0,0,0.0,0.0,0.0,0,0.0,0,0,0.0,-0.0,0.0,0,0.0,0,0,0.0,-0.0,0.0,0,0.0,0,0,0.0,0.0,0.0,2,5.6,9,0,0.0156,0.0,1.07,0,0.0,0,0,0.0,-0.0,0.0,0,,,,67
Osha,female,,,,,,0,0,,,,,,4,11.66,9,0,0.0004,0.0109,2.19,6,19.41,12,2,0.0024,0.0003,3.79,4,18.45,7,0,0.0,0.0017,3.52,0,0.0,0,0,0.0,0.0,0.0,0,0.0,0,0,0.0,0.0,0.0,2,4.64,5,0,0.0,0.0068,0.88,0,0.0,0,0,0.0,0.0,0.0,1,Throat stab,Ramsay Snow,s6,54
Othell Yarwyck,male,,,,,,0,0,,,,,,2,8.9,12,0,0.0,0.0056,1.67,0,0.0,0,0,0.0,0.0,0.0,0,0.0,0,0,0.0,0.0,0.0,3,6.23,9,0,0.0,0.0,1.21,5,11.8,12,1,0.01,-0.0,2.24,3,8.1,13,0,0.0,0.0651,1.54,0,0.0,0,0,0.0,-0.0,0.0,1,,Jon Snow,s6,53
Othor,male,,,,,,0,0,,,,,,1,2.7,6,0,0.0014,0.0014,0.51,0,0.0,0,0,0.0,-0.0,0.0,0,0.0,0,0,0.0,0.0,0.0,0,0.0,0,0,0.0,0.0,0.0,0,0.0,0,0,0.0,-0.0,0.0,0,0.0,0,0,0.0,0.0,0.0,0,0.0,0,0,0.0,-0.0,0.0,1,Burning,Jon Snow,s1,8
Pentoshi Servant,,,,,,,0,0,,,,,,0,0.0,0,0,0.0,-0.0,0.0,0,0.0,0,0,0.0,0.0,0.0,0,0.0,0,0,0.0,0.0,0.0,0,0.0,0,0,0.0,0.0,0.0,0,0.0,0,0,0.0,0.0,0.0,0,0.0,0,0,0.0,0.0,0.0,0,0.0,0,0,0.0,0.0,0.0,0,,,,67
Petyr Baelish,male,,Lysa Arryn,,,,0,0,,,,,,8,65.23,30,0,0.001,0.2229,12.26,7,33.76,18,0,0.0044,0.2043,6.6,4,14.05,10,0,0.0021,0.0,2.68,5,26.38,6,3,0.0013,0.0126,5.12,6,25.35,13,0,0.025,0.0,4.81,4,15.69,11,0,0.0023,0.0859,2.98,7,33.52,14,0,0.0,0.0305,8.06,1,Throat slash,Arya Stark,s7,67
Podrick Payne,male,,,,,,0,0,,,,Tyrion Lannister;Brienne of Tarth,,0,0.0,0,0,0.0,0.0,0.0,4,12.29,14,1,0.0084,0.0984,2.4,5,8.51,12,0,0.0076,0.0,1.63,7,34.26,27,0,0.0023,0.0981,6.66,5,15.2,3,0,0.0,0.0,2.88,5,17.49,11,0,0.0421,0.0737,3.33,3,13.33,20,0,0.0038,0.0403,3.21,0,,,,67
Polliver,male,,,,,,0,0,,,,,,0,0.0,0,0,0.0,0.0,0.0,2,3.86,8,1,0.0002,0.0015,0.75,0,0.0,0,0,0.0,0.0,0.0,1,7.98,2,0,0.0,0.0001,1.55,0,0.0,0,0,0.0,0.0,0.0,0,0.0,0,0,0.0,-0.0,0.0,0,0.0,0,0,0.0,-0.0,0.0,1,Neck stab,Arya Stark,s4,31
Prendahl na Ghezn,male,,,,,,0,0,,,,,,0,0.0,0,0,0.0,-0.0,0.0,0,0.0,0,0,0.0,0.0,0.0,1,5.23,7,0,0.0001,0.0,1.0,0,0.0,0,0,0.0,0.0,0.0,0,0.0,0,0,0.0,-0.0,0.0,0,0.0,0,0,0.0,-0.0,0.0,0,0.0,0,0,0.0,0.0,0.0,1,Decapitation,Daario Naharis,s3,28
Pyat Pree,male,,,,,,0,0,,,,,,0,0.0,0,0,0.0,-0.0,0.0,4,11.79,9,2,0.0,0.0,2.3,0,0.0,0,0,0.0,-0.0,0.0,0,0.0,0,0,0.0,0.0,0.0,0,0.0,0,0,0.0,-0.0,0.0,0,0.0,0,0,0.0,0.0,0.0,0,0.0,0,0,0.0,0.0,0.0,1,Dragon,Daenerys Targaryen,s2,20
Pypar,male,,,,,,0,0,,,,,,6,24.92,11,0,0.0,0.0155,4.68,0,0.0,0,0,0.0,0.0,0.0,1,0.68,2,0,0.0,0.0,0.13,6,15.66,16,0,0.0,0.0,3.04,0,0.0,0,0,0.0,0.0,0.0,0,0.0,0,0,0.0,0.0,0.0,0,0.0,0,0,0.0,0.0,0.0,1,,Ygritte,s4,40
Qhono,male,,,,,,0,0,,,,,,0,0.0,0,0,0.0,0.0,0.0,0,0.0,0,0,0.0,0.0,0.0,0,0.0,0,0,0.0,-0.0,0.0,0,0.0,0,0,0.0,0.0,0.0,0,0.0,0,0,0.0,-0.0,0.0,3,7.33,7,0,0.0,0.0001,1.39,4,45.46,23,0,0.0002,0.2473,10.93,0,,,,67
Qhorin Halfhand,male,,,,,,0,0,,,,,,0,0.0,0,0,0.0,0.0,0.0,4,14.29,8,0,0.0002,-0.0,2.79,0,0.0,0,0,0.0,0.0,0.0,0,0.0,0,0,0.0,-0.0,0.0,0,0.0,0,0,0.0,0.0,0.0,0,0.0,0,0,0.0,-0.0,0.0,0,0.0,0,0,0.0,-0.0,0.0,1,Chest stab,Jon Snow,s2,20
Qotho,male,,,,,,0,0,,,,,,5,26.45,14,0,0.0022,0.0001,4.97,0,0.0,0,0,0.0,0.0,0.0,0,0.0,0,0,0.0,-0.0,0.0,0,0.0,0,0,0.0,-0.0,0.0,0,0.0,0,0,0.0,0.0,0.0,0,0.0,0,0,0.0,0.0,0.0,0,0.0,0,0,0.0,-0.0,0.0,1,Face stab,Jorah Mormont,s1,9
Quaithe,female,,,,,,0,0,,,,,,0,0.0,0,0,0.0,-0.0,0.0,2,2.21,2,0,0.0004,0.0,0.43,0,0.0,0,0,0.0,0.0,0.0,0,0.0,0,0,0.0,0.0,0.0,0,0.0,0,0,0.0,-0.0,0.0,0,0.0,0,0,0.0,-0.0,0.0,0,0.0,0,0,0.0,0.0,0.0,0,,,,67
Qyburn,male,,,,,,0,0,,,,Cersei Lannister,,0,0.0,0,0,0.0,0.0,0.0,0,0.0,0,0,0.0,-0.0,0.0,4,11.58,10,0,0.0217,0.0245,2.21,2,3.21,4,0,0.0006,0.0069,0.62,5,11.58,8,0,0.0,0.0,2.2,3,13.34,14,0,0.0038,0.0002,2.54,5,30.7,22,0,0.0006,0.1495,7.38,0,,,,67
Rakharo,male,,,,,,0,0,,,,,,5,37.31,13,0,0.0,0.0001,7.01,2,6.81,6,0,0.0,0.0,1.33,0,0.0,0,0,0.0,0.0,0.0,0,0.0,0,0,0.0,-0.0,0.0,0,0.0,0,0,0.0,-0.0,0.0,0,0.0,0,0,0.0,0.0,0.0,0,0.0,0,0,0.0,-0.0,0.0,1,Decapitation,,s2,12
Ramsay Snow,male,Bolton,Sansa Stark,Roose Bolton,,,0,0,,,,,,0,0.0,0,0,0.0,0.0,0.0,0,0.0,0,0,0.0,-0.0,0.0,6,17.97,2,0,0.0,-0.0,3.43,3,18.58,6,0,0.0014,0.0,3.61,6,27.42,6,0,0.0,0.0,5.2,5,40.38,16,5,0.0077,0.1728,7.68,0,0.0,0,0,0.0,-0.0,0.0,1,Mauling,Sansa Stark,s6,59
Randyll Tarly,male,,Melessa Tarly,,,Dickon Tarly;Samwell Tarly;Talla Tarly,0,0,,,,,,0,0.0,0,0,0.0,-0.0,0.0,0,0.0,0,0,0.0,0.0,0.0,0,0.0,0,0,0.0,-0.0,0.0,0,0.0,0,0,0.0,0.0,0.0,0,0.0,0,0,0.0,0.0,0.0,1,6.38,5,0,0.0,0.0,1.21,4,12.91,10,0,0.0,0.0173,3.1,1,Dragon,Daenerys Targaryen,s7,65
Rast,male,,,,,,0,0,,,,,,6,23.3,12,0,0.0,0.0154,4.38,0,0.0,0,0,0.0,-0.0,0.0,3,9.55,8,1,0.0001,0.0001,1.82,2,10.18,7,0,0.0014,-0.0,1.98,0,0.0,0,0,0.0,-0.0,0.0,0,0.0,0,0,0.0,-0.0,0.0,0,0.0,0,0,0.0,-0.0,0.0,1,Mauling,Ghost,s4,35
Rattleshirt,male,,,,,,0,0,,,,,,0,0.0,0,0,0.0,-0.0,0.0,2,4.97,3,0,0.0,-0.0,0.97,1,3.52,4,0,0.0013,0.0001,0.67,0,0.0,0,0,0.0,0.0,0.0,1,1.57,4,0,0.0001,-0.0,0.3,0,0.0,0,0,0.0,-0.0,0.0,0,0.0,0,0,0.0,-0.0,0.0,1,Beaten,Tormund Giantsbane,s5,48
Razdal mo Eraz,male,,,,,,0,0,,,,,,0,0.0,0,0,0.0,0.0,0.0,0,0.0,0,0,0.0,-0.0,0.0,1,4.2,8,0,0.0,0.0,0.8,0,0.0,0,0,0.0,-0.0,0.0,0,0.0,0,0,0.0,0.0,0.0,2,6.48,7,0,0.0,0.0001,1.23,0,0.0,0,0,0.0,-0.0,0.0,1,Throat slash,Grey Worm,s6,59
Red Keep Stableboy,male,,,,,,0,0,,,,,,1,0.62,1,0,0.0,0.0004,0.12,0,0.0,0,0,0.0,0.0,0.0,0,0.0,0,0,0.0,0.0,0.0,0,0.0,0,0,0.0,-0.0,0.0,0,0.0,0,0,0.0,0.0,0.0,0,0.0,0,0,0.0,-0.0,0.0,0,0.0,0,0,0.0,0.0,0.0,1,Chest stab,Arya Stark,s1,8
Red Priestess,female,,,,,,0,0,,,,,,0,0.0,0,0,0.0,-0.0,0.0,0,0.0,0,0,0.0,-0.0,0.0,0,0.0,0,0,0.0,0.0,0.0,0,0.0,0,0,0.0,0.0,0.0,1,1.37,2,0,0.0,0.0048,0.26,1,0.62,2,0,0.0002,0.0,0.12,0,0.0,0,0,0.0,-0.0,0.0,0,,,,67
Renly Baratheon,male,Baratheon,Margaery Tyrell,,Robert Baratheon;Stannis Baratheon,,0,0,,,,,,5,35.28,19,0,0.0011,0.1293,6.63,3,21.23,9,0,0.0,0.0543,4.15,0,0.0,0,0,0.0,-0.0,0.0,0,0.0,0,0,0.0,-0.0,0.0,0,0.0,0,0,0.0,-0.0,0.0,0,0.0,0,0,0.0,0.0,0.0,0,0.0,0,0,0.0,0.0,0.0,1,,Melisandre,s2,15
Rhaegal,male,Targaryen,,,Drogon;Viserion,,0,0,Daenerys Targaryen,,,,,5,21.14,13,0,0.003,0.0001,3.97,3,5.89,9,0,0.0002,0.0,1.15,4,5.12,9,0,0.0001,0.0,0.98,2,4.04,4,0,0.0,-0.0,0.78,2,3.18,11,0,0.0009,0.021,0.6,3,6.02,7,0,0.0,0.0003,1.15,6,9.11,23,0,0.0084,0.0345,2.19,0,,,,67
Rhaegar Targaryen,male,Targaryen,Elia Martell;Lyanna Stark,Rhaella Targaryen;Aerys II Targaryen,Daenerys Targaryen;Viserys Targaryen,Jon Snow;Rhaenys Targaryen;Aegon Targaryen,1,0,,,,,,0,0.0,0,0,0.0,0.0,0.0,0,0.0,0,0,0.0,-0.0,0.0,0,0.0,0,0,0.0,0.0,0.0,0,0.0,0,0,0.0,-0.0,0.0,0,0.0,0,0,0.0,0.0,0.0,0,0.0,0,0,0.0,0.0,0.0,1,0.5,3,0,0.0,0.0,0.12,0,,,,67
Rhaego,male,,,Khal Drogo;Daenerys Targaryen,,,0,0,,,,,,2,5.4,7,0,0.0002,0.0,1.02,1,2.67,2,0,0.0,0.0,0.52,0,0.0,0,0,0.0,-0.0,0.0,0,0.0,0,0,0.0,0.0,0.0,0,0.0,0,0,0.0,0.0,0.0,0,0.0,0,0,0.0,-0.0,0.0,0,0.0,0,0,0.0,0.0,0.0,1,Malformed Birth,,s1,10
Rhaella Targaryen,,Targaryen,Aerys II Targaryen,,Aerys II Targaryen,Daenerys Targaryen;Rhaegar Targaryen;Viserys Targaryen,1,0,,,,,,0,0.0,0,0,0.0,0.0,0.0,0,0.0,0,0,0.0,-0.0,0.0,0,0.0,0,0,0.0,-0.0,0.0,0,0.0,0,0,0.0,-0.0,0.0,0,0.0,0,0,0.0,0.0,0.0,0,0.0,0,0,0.0,0.0,0.0,0,0.0,0,0,0.0,-0.0,0.0,0,,,,67
Rhaenys Targaryen,,Targaryen,,Elia Martell;Rhaegar Targaryen,,,1,0,,,,,,0,0.0,0,0,0.0,0.0,0.0,0,0.0,0,0,0.0,0.0,0.0,0,0.0,0,0,0.0,-0.0,0.0,0,0.0,0,0,0.0,0.0,0.0,0,0.0,0,0,0.0,0.0,0.0,0,0.0,0,0,0.0,0.0,0.0,0,0.0,0,0,0.0,0.0,0.0,0,,,,67
Rickard Karstark,male,,,,,Harald Karstark,0,0,,,,,,1,2.27,6,0,0.0,0.0048,0.43,2,3.94,7,0,0.0031,0.0026,0.77,3,6.86,10,2,0.0067,0.081,1.31,0,0.0,0,0,0.0,0.0,0.0,0,0.0,0,0,0.0,-0.0,0.0,0,0.0,0,0,0.0,-0.0,0.0,0,0.0,0,0,0.0,-0.0,0.0,1,Decapitation,Robb Stark,s3,25
Rickard Stark,male,Stark,,,,Brandon Stark;Benjen Stark;Eddard Stark;Lyanna Stark,0,0,,,,,,0,0.0,0,0,0.0,0.0,0.0,0,0.0,0,0,0.0,0.0,0.0,0,0.0,0,0,0.0,-0.0,0.0,0,0.0,0,0,0.0,0.0,0.0,0,0.0,0,0,0.0,0.0,0.0,1,0.25,6,0,0.0117,0.0,0.05,0,0.0,0,0,0.0,-0.0,0.0,0,,,,67
Rickon Stark,male,Stark,,Eddard Stark;Catelyn Stark,Robb Stark;Sansa Stark;Arya Stark;Bran Stark,,0,0,,Shaggydog,,,,3,12.1,24,0,0.0004,0.084,2.27,5,12.35,12,0,0.0001,0.0002,2.41,4,16.01,7,0,0.0,0.0016,3.06,0,0.0,0,0,0.0,0.0,0.0,0,0.0,0,0,0.0,-0.0,0.0,2,5.71,10,0,0.0008,0.0342,1.09,0,0.0,0,0,0.0,-0.0,0.0,1,,Ramsay Snow,s6,59
Robb Stark,male,Stark,Roslin Frey;Talisa Maegyr,Eddard Stark;Catelyn Stark,Sansa Stark;Arya Stark;Bran Stark;Rickon Stark,,0,0,,Grey Wind,,,,8,50.54,37,1,0.0049,0.1195,9.5,6,34.03,11,0,0.0009,0.0065,6.65,8,43.93,20,1,0.0314,0.4426,8.39,0,0.0,0,0,0.0,-0.0,0.0,0,0.0,0,0,0.0,0.0,0.0,1,0.17,5,0,0.0005,0.0,0.03,0,0.0,0,0,0.0,-0.0,0.0,1,,Roose Bolton,s3,30
Robert Baratheon,male,Baratheon,Lyanna Stark;Cersei Lannister,,Stannis Baratheon;Renly Baratheon,Joffrey Baratheon;Myrcella Baratheon;Tommen Baratheon,1,0,,Jon Arryn,,,Jon Arryn;Eddard Stark;Tywin Lannister,7,57.04,35,0,0.0147,0.2349,10.72,0,0.0,0,0,0.0,-0.0,0.0,0,0.0,0,0,0.0,0.0,0.0,0,0.0,0,0,0.0,-0.0,0.0,0,0.0,0,0,0.0,-0.0,0.0,0,0.0,0,0,0.0,-0.0,0.0,0,0.0,0,0,0.0,-0.0,0.0,1,Boar,Boar,s1,7
Robett Glover,male,,,,,,0,0,,,,,,0,0.0,0,0,0.0,0.0,0.0,0,0.0,0,0,0.0,0.0,0.0,0,0.0,0,0,0.0,0.0,0.0,0,0.0,0,0,0.0,-0.0,0.0,0,0.0,0,0,0.0,-0.0,0.0,2,7.13,7,0,0.0,0.0798,1.36,3,10.11,11,0,0.0001,0.0249,2.43,0,,,,67
Robin Arryn,male,,,Jon Arryn;Lysa Arryn,,,0,0,,,,,,3,13.91,7,0,0.0,0.0183,2.61,0,0.0,0,0,0.0,0.0,0.0,0,0.0,0,0,0.0,-0.0,0.0,3,5.79,3,0,0.0007,0.0034,1.12,1,1.24,3,0,0.0003,0.0,0.24,1,3.55,2,0,0.0,0.003,0.68,0,0.0,0,0,0.0,-0.0,0.0,0,,,,67
Rodrik Cassel,male,,,,,,0,0,,,,Eddard Stark,,9,55.32,42,0,0.0046,0.1757,10.4,3,5.81,10,0,0.0,0.0005,1.14,0,0.0,0,0,0.0,0.0,0.0,0,0.0,0,0,0.0,0.0,0.0,0,0.0,0,0,0.0,-0.0,0.0,0,0.0,0,0,0.0,0.0,0.0,0,0.0,0,0,0.0,0.0,0.0,1,Decapitation,Theon Greyjoy,s2,16
Roose Bolton,male,Bolton,Walda Bolton,,,Ramsay Snow,0,0,,,,,,0,0.0,0,0,0.0,-0.0,0.0,4,6.07,6,0,0.0056,0.0019,1.19,7,18.55,16,1,0.006,0.1655,3.54,2,8.87,4,0,0.0,-0.0,1.72,4,16.12,6,0,0.0,0.0,3.06,2,5.17,3,0,0.0,0.0074,0.98,0,0.0,0,0,0.0,-0.0,0.0,1,Chest stab,Ramsay Snow,s6,52
Rorge,male,,,,,,0,0,,,,,,0,0.0,0,0,0.0,-0.0,0.0,2,2.12,4,0,0.0,0.0007,0.41,0,0.0,0,0,0.0,0.0,0.0,1,0.92,2,0,0.0,0.0,0.18,0,0.0,0,0,0.0,-0.0,0.0,0,0.0,0,0,0.0,0.0,0.0,0,0.0,0,0,0.0,-0.0,0.0,1,Chest stab,Arya Stark,s4,37
Ros,female,,,,,,0,0,,,,,,5,13.6,6,0,0.002,0.0083,2.56,5,12.65,11,0,0.0026,0.0405,2.47,4,4.58,7,0,0.0013,0.0,0.87,0,0.0,0,0,0.0,0.0,0.0,0,0.0,0,0,0.0,0.0,0.0,0,0.0,0,0,0.0,-0.0,0.0,0,0.0,0,0,0.0,0.0,0.0,1,Arrow,Joffrey Baratheon,s3,26
Roslin Frey,female,Frey,Robb Stark;Edmure Tully,Walder Frey,,,0,0,,,,,,0,0.0,0,0,0.0,0.0,0.0,0,0.0,0,0,0.0,-0.0,0.0,1,6.32,11,0,0.0002,0.1205,1.21,0,0.0,0,0,0.0,0.0,0.0,0,0.0,0,0,0.0,0.0,0.0,0,0.0,0,0,0.0,-0.0,0.0,0,0.0,0,0,0.0,-0.0,0.0,0,,,,67
Royal Steward,male,,,,,,0,0,,,,,,4,11.41,16,0,0.0246,0.0629,2.14,0,0.0,0,0,0.0,-0.0,0.0,0,0.0,0,0,0.0,-0.0,0.0,0,0.0,0,0,0.0,0.0,0.0,0,0.0,0,0,0.0,0.0,0.0,0,0.0,0,0,0.0,0.0,0.0,0,0.0,0,0,0.0,0.0,0.0,0,,,,67
Ryger Rivers,male,,,Walder Frey,,,0,0,,,,,,1,1.6,4,0,0.0006,0.0009,0.3,0,0.0,0,0,0.0,-0.0,0.0,0,0.0,0,0,0.0,0.0,0.0,0,0.0,0,0,0.0,-0.0,0.0,0,0.0,0,0,0.0,-0.0,0.0,0,0.0,0,0,0.0,-0.0,0.0,0,0.0,0,0,0.0,-0.0,0.0,0,,,,67
Salladhor Saan,male,,,,,,0,0,,,,,,0,0.0,0,0,0.0,-0.0,0.0,1,3.2,2,0,0.0,0.0008,0.63,1,2.88,1,0,0.0,0.0,0.55,1,2.41,2,0,0.0,-0.0,0.47,0,0.0,0,0,0.0,0.0,0.0,0,0.0,0,0,0.0,-0.0,0.0,0,0.0,0,0,0.0,-0.0,0.0,0,,,,67
Samwell Tarly,male,,Gilly,Randyll Tarly;Melessa Tarly,Dickon Tarly;Talla Tarly,Baby Sam,0,0,,,,,,5,31.97,12,0,0.0,0.0168,6.01,6,20.4,8,0,0.0002,0.0,3.99,8,34.59,18,1,0.0114,0.0006,6.61,7,37.91,25,1,0.0066,0.0,7.36,9,45.7,19,0,0.0,-0.0,8.67,3,21.13,7,0,0.0,0.0,4.02,5,29.14,4,0,0.0017,0.0065,7.01,0,,,,67
Sandor Clegane,male,,,,Gregor Clegane,,0,0,,,,,,8,40.71,39,1,0.0053,0.2431,7.65,5,24.09,19,3,0.0022,0.2564,4.71,8,21.4,8,1,0.0144,0.002,4.09,6,38.8,7,1,0.0013,0.0018,7.54,0,0.0,0,0,0.0,-0.0,0.0,2,15.11,5,2,0.0,0.0,2.87,4,60.95,26,0,0.0,0.2118,14.66,0,,,,67
Sansa Stark,female,Stark,Joffrey Baratheon;Tyrion Lannister;Ramsay Snow,Eddard Stark;Catelyn Stark,Robb Stark;Arya Stark;Bran Stark;Rickon Stark,,0,0,,Lady,,,,9,60.14,40,0,0.0006,0.299,11.31,7,40.93,24,0,0.0022,0.3508,8.0,8,39.49,17,0,0.0016,0.0,7.54,7,52.14,32,0,0.0076,0.1583,10.13,9,48.66,10,0,0.0006,0.0,9.24,7,64.12,21,1,0.0123,0.3422,12.2,7,57.26,14,0,0.0,0.0351,13.77,0,,,,67
Selyse Baratheon,female,Baratheon,Stannis Baratheon,,,Shireen Baratheon,0,0,,,,,,0,0.0,0,0,0.0,-0.0,0.0,1,3.15,5,0,0.0014,0.0021,0.62,1,3.37,1,0,0.0,0.0,0.64,3,7.81,11,0,0.0004,-0.0,1.52,6,8.73,12,1,0.0,-0.0,1.66,0,0.0,0,0,0.0,-0.0,0.0,0,0.0,0,0,0.0,-0.0,0.0,1,Hanging,Selyse Baratheon,s5,50
Septa Moelle,female,,,,,,0,0,,,,,,0,0.0,0,0,0.0,0.0,0.0,0,0.0,0,0,0.0,-0.0,0.0,0,0.0,0,0,0.0,0.0,0.0,0,0.0,0,0,0.0,-0.0,0.0,1,3.78,4,0,0.0,0.0,0.72,0,0.0,0,0,0.0,0.0,0.0,0,0.0,0,0,0.0,0.0,0.0,0,,,,67
Septa Mordane,female,,,,,,0,0,,,,,,7,21.55,27,0,0.0063,0.1077,4.05,0,0.0,0,0,0.0,-0.0,0.0,0,0.0,0,0,0.0,0.0,0.0,0,0.0,0,0,0.0,0.0,0.0,0,0.0,0,0,0.0,-0.0,0.0,0,0.0,0,0,0.0,-0.0,0.0,0,0.0,0,0,0.0,-0.0,0.0,1,Decapitation,,s1,10
Septa Scolera,female,,,,,,0,0,,,,,,0,0.0,0,0,0.0,-0.0,0.0,0,0.0,0,0,0.0,-0.0,0.0,0,0.0,0,0,0.0,-0.0,0.0,0,0.0,0,0,0.0,0.0,0.0,1,3.78,4,0,0.0,0.0,0.72,0,0.0,0,0,0.0,-0.0,0.0,0,0.0,0,0,0.0,0.0,0.0,0,,,,67
Septa Unella,female,,,,,,0,0,,,,,,0,0.0,0,0,0.0,-0.0,0.0,0,0.0,0,0,0.0,-0.0,0.0,0,0.0,0,0,0.0,-0.0,0.0,0,0.0,0,0,0.0,-0.0,0.0,3,11.65,6,0,0.0007,0.0,2.21,5,12.56,9,0,0.0001,0.0002,2.39,0,0.0,0,0,0.0,-0.0,0.0,0,,,,67
Septon,male,,,,,,0,0,,,,,,0,0.0,0,0,0.0,0.0,0.0,1,0.85,2,0,0.0001,0.0001,0.17,1,2.62,8,0,0.0014,0.0546,0.5,0,0.0,0,0,0.0,0.0,0.0,0,0.0,0,0,0.0,-0.0,0.0,0,0.0,0,0,0.0,-0.0,0.0,0,0.0,0,0,0.0,0.0,0.0,0,,,,67
Ser Endrew Tarth,male,,,,,,0,0,,,,,,0,0.0,0,0,0.0,-0.0,0.0,0,0.0,0,0,0.0,0.0,0.0,0,0.0,0,0,0.0,-0.0,0.0,1,0.42,1,0,0.0,-0.0,0.08,0,0.0,0,0,0.0,-0.0,0.0,0,0.0,0,0,0.0,-0.0,0.0,0,0.0,0,0,0.0,0.0,0.0,0,,,,67
Shae,female,,,,,,0,0,,,,,,2,12.2,2,0,0.0,0.0033,2.29,8,23.54,12,0,0.0031,0.1438,4.6,6,18.85,9,0,0.006,0.0,3.6,4,14.73,14,0,0.0011,0.0741,2.86,0,0.0,0,0,0.0,0.0,0.0,0,0.0,0,0,0.0,0.0,0.0,0,0.0,0,0,0.0,-0.0,0.0,1,Choking,Tyrion Lannister,s4,40
Shagga,male,,,,,,0,0,,,,,,2,8.17,6,0,0.0,0.0024,1.54,0,0.0,0,0,0.0,-0.0,0.0,0,0.0,0,0,0.0,0.0,0.0,0,0.0,0,0,0.0,-0.0,0.0,0,0.0,0,0,0.0,0.0,0.0,0,0.0,0,0,0.0,0.0,0.0,0,0.0,0,0,0.0,-0.0,0.0,0,,,,67
Shaggydog,male,Stark,,,Grey Wind;Lady;Nymeria;Summer;Ghost,,0,0,Rickon Stark,,,,,2,4.32,14,0,0.002,0.0144,0.81,3,3.01,5,0,0.0,0.0,0.59,2,2.05,7,0,0.0049,0.0001,0.39,0,0.0,0,0,0.0,-0.0,0.0,0,0.0,0,0,0.0,-0.0,0.0,2,0.53,10,0,0.0226,0.0022,0.1,0,0.0,0,0,0.0,0.0,0.0,1,,Smalljon Umber,s6,59
Shireen Baratheon,female,Baratheon,,Stannis Baratheon;Selyse Baratheon,,,0,0,,,,,,0,0.0,0,0,0.0,-0.0,0.0,0,0.0,0,0,0.0,0.0,0.0,2,4.98,2,0,0.0001,0.0,0.95,3,4.58,11,0,0.0006,-0.0,0.89,5,17.21,12,0,0.0,-0.0,3.27,0,0.0,0,0,0.0,-0.0,0.0,0,0.0,0,0,0.0,0.0,0.0,1,Burning,Melisandre,s5,49
Silk King,male,,,,,,0,0,,,,,,0,0.0,0,0,0.0,-0.0,0.0,2,7.7,6,0,0.0,0.0,1.51,0,0.0,0,0,0.0,0.0,0.0,0,0.0,0,0,0.0,0.0,0.0,0,0.0,0,0,0.0,-0.0,0.0,0,0.0,0,0,0.0,0.0,0.0,0,0.0,0,0,0.0,-0.0,0.0,1,Throat slash,Pyat Pree,s2,17
Smalljon Umber,male,,,Greatjon Umber,,,0,0,,,,,,0,0.0,0,0,0.0,-0.0,0.0,0,0.0,0,0,0.0,0.0,0.0,0,0.0,0,0,0.0,0.0,0.0,0,0.0,0,0,0.0,0.0,0.0,0,0.0,0,0,0.0,-0.0,0.0,2,14.12,11,1,0.0,0.1108,2.69,0,0.0,0,0,0.0,-0.0,0.0,1,Multiple stabs,Tormund Giantsbane,s6,59
Spice King,male,,,,,,0,0,,,,,,0,0.0,0,0,0.0,-0.0,0.0,3,11.7,6,0,0.0,0.0,2.29,0,0.0,0,0,0.0,-0.0,0.0,0,0.0,0,0,0.0,0.0,0.0,0,0.0,0,0,0.0,-0.0,0.0,0,0.0,0,0,0.0,0.0,0.0,0,0.0,0,0,0.0,-0.0,0.0,1,Throat slash,Pyat Pree,s2,17
Stannis Baratheon,male,Baratheon,Selyse Baratheon,,Robert Baratheon;Renly Baratheon,Shireen Baratheon,0,0,,,,,,0,0.0,0,0,0.0,-0.0,0.0,7,27.23,9,0,0.0015,0.017,5.32,5,21.02,5,0,0.0025,0.0001,4.01,4,14.62,13,0,0.0009,0.0,2.84,8,42.9,16,0,0.0194,-0.0,8.14,0,0.0,0,0,0.0,0.0,0.0,0,0.0,0,0,0.0,0.0,0.0,1,Throat slash,Brienne of Tarth,s5,50
Stark Bannerman,,,,,,,0,0,,,,,,0,0.0,0,0,0.0,0.0,0.0,0,0.0,0,0,0.0,0.0,0.0,0,0.0,0,0,0.0,0.0,0.0,0,0.0,0,0,0.0,0.0,0.0,0,0.0,0,0,0.0,0.0,0.0,0,0.0,0,0,0.0,-0.0,0.0,0,0.0,0,0,0.0,0.0,0.0,0,,,,67
Stark Guard,,,,,,,0,0,,,,,,0,0.0,0,0,0.0,0.0,0.0,0,0.0,0,0,0.0,-0.0,0.0,0,0.0,0,0,0.0,-0.0,0.0,0,0.0,0,0,0.0,-0.0,0.0,0,0.0,0,0,0.0,0.0,0.0,0,0.0,0,0,0.0,-0.0,0.0,0,0.0,0,0,0.0,0.0,0.0,0,,,,67
Steelshanks Walton,male,,,,,,0,0,,,,,,0,0.0,0,0,0.0,0.0,0.0,0,0.0,0,0,0.0,-0.0,0.0,1,2.86,5,0,0.0008,0.001,0.55,0,0.0,0,0,0.0,-0.0,0.0,0,0.0,0,0,0.0,-0.0,0.0,0,0.0,0,0,0.0,-0.0,0.0,0,0.0,0,0,0.0,0.0,0.0,0,,,,67
Stevron Frey,male,Frey,,,,,0,0,,,,,,1,1.6,4,0,0.0006,0.0009,0.3,0,0.0,0,0,0.0,0.0,0.0,0,0.0,0,0,0.0,-0.0,0.0,0,0.0,0,0,0.0,-0.0,0.0,0,0.0,0,0,0.0,0.0,0.0,0,0.0,0,0,0.0,-0.0,0.0,0,0.0,0,0,0.0,0.0,0.0,0,,,,67
Stiv,male,,,,,,0,0,,,,,,1,3.45,5,0,0.0,0.0049,0.65,0,0.0,0,0,0.0,0.0,0.0,0,0.0,0,0,0.0,-0.0,0.0,0,0.0,0,0,0.0,0.0,0.0,0,0.0,0,0,0.0,-0.0,0.0,0,0.0,0,0,0.0,0.0,0.0,0,0.0,0,0,0.0,0.0,0.0,1,Arrow,Theon Greyjoy,s1,6
Styr,male,,,,,,0,0,,,,,,0,0.0,0,0,0.0,-0.0,0.0,0,0.0,0,0,0.0,0.0,0.0,0,0.0,0,0,0.0,-0.0,0.0,4,12.44,11,1,0.0016,0.0,2.42,0,0.0,0,0,0.0,0.0,0.0,0,0.0,0,0,0.0,-0.0,0.0,0,0.0,0,0,0.0,-0.0,0.0,1,Head crush,Jon Snow,s4,39
Summer,male,Stark,,,Grey Wind;Lady;Nymeria;Shaggydog;Ghost,,0,0,Bran Stark,,,,,3,16.52,29,1,0.0028,0.0904,3.11,5,4.11,5,0,0.0,0.0,0.8,3,12.34,12,0,0.0013,0.001,2.36,3,8.02,6,0,0.0001,0.0,1.56,0,0.0,0,0,0.0,-0.0,0.0,1,3.48,6,0,0.0,0.0,0.66,0,0.0,0,0,0.0,-0.0,0.0,1,Multiple stabs,Wights,s6,55
Syrio Forel,male,,,,,,0,0,,,,,,3,8.22,3,0,0.0,0.0104,1.55,0,0.0,0,0,0.0,-0.0,0.0,0,0.0,0,0,0.0,-0.0,0.0,0,0.0,0,0,0.0,-0.0,0.0,0,0.0,0,0,0.0,0.0,0.0,0,0.0,0,0,0.0,0.0,0.0,0,0.0,0,0,0.0,-0.0,0.0,1,,Meryn Trant,s1,8
Talisa Maegyr,female,,Robb Stark,,,,0,0,,,,,,0,0.0,0,0,0.0,-0.0,0.0,5,16.32,5,0,0.0012,0.0019,3.19,6,36.97,17,0,0.0003,0.3981,7.06,0,0.0,0,0,0.0,-0.0,0.0,0,0.0,0,0,0.0,0.0,0.0,0,0.0,0,0,0.0,0.0,0.0,0,0.0,0,0,0.0,0.0,0.0,1,,Lothar Frey,s3,29
Talla Tarly,female,Tarly,,Randyll Tarly;Melessa Tarly,Dickon Tarly;Samwell Tarly,,0,0,,,,,,0,0.0,0,0,0.0,0.0,0.0,0,0.0,0,0,0.0,0.0,0.0,0,0.0,0,0,0.0,-0.0,0.0,0,0.0,0,0,0.0,0.0,0.0,0,0.0,0,0,0.0,-0.0,0.0,1,7.92,6,0,0.0,0.0,1.51,0,0.0,0,0,0.0,0.0,0.0,0,,,,67
Ternesio Terys,male,,,,,,0,0,,,,,,0,0.0,0,0,0.0,-0.0,0.0,0,0.0,0,0,0.0,-0.0,0.0,0,0.0,0,0,0.0,-0.0,0.0,1,1.02,1,0,0.0,0.0,0.2,1,2.23,1,0,0.0,-0.0,0.42,0,0.0,0,0,0.0,-0.0,0.0,0,0.0,0,0,0.0,0.0,0.0,0,,,,67
The Bear,male,,,,,,0,0,,,,,,0,0.0,0,0,0.0,-0.0,0.0,0,0.0,0,0,0.0,0.0,0.0,1,2.3,5,0,0.0189,0.001,0.44,0,0.0,0,0,0.0,-0.0,0.0,0,0.0,0,0,0.0,-0.0,0.0,0,0.0,0,0,0.0,0.0,0.0,0,0.0,0,0,0.0,-0.0,0.0,0,,,,67
The Night King,male,,,,,,0,0,,,,,,0,0.0,0,0,0.0,-0.0,0.0,0,0.0,0,0,0.0,-0.0,0.0,0,0.0,0,0,0.0,-0.0,0.0,1,0.87,1,0,0.0,-0.0,0.17,1,3.86,6,0,0.0021,-0.0,0.73,2,3.82,14,1,0.033,0.0001,0.73,4,7.97,10,1,0.0,0.0117,1.92,0,,,,67
The Tickler,male,,,,,,0,0,,,,,,0,0.0,0,0,0.0,0.0,0.0,2,4.92,7,0,0.0034,0.0024,0.96,0,0.0,0,0,0.0,-0.0,0.0,0,0.0,0,0,0.0,0.0,0.0,0,0.0,0,0,0.0,-0.0,0.0,0,0.0,0,0,0.0,-0.0,0.0,0,0.0,0,0,0.0,-0.0,0.0,1,Falling,Jaqen H'ghar,s2,15
The Waif,female,,,,,,0,0,,,,,,0,0.0,0,0,0.0,0.0,0.0,0,0.0,0,0,0.0,-0.0,0.0,0,0.0,0,0,0.0,-0.0,0.0,0,0.0,0,0,0.0,-0.0,0.0,4,8.52,2,0,0.0,0.0,1.62,7,13.13,3,1,0.0001,0.0,2.5,0,0.0,0,0,0.0,-0.0,0.0,1,Multiple stabs,Arya Stark,s6,58
Thenn Warg,male,,,,,,0,0,,,,,,0,0.0,0,0,0.0,0.0,0.0,0,0.0,0,0,0.0,-0.0,0.0,0,0.0,0,0,0.0,-0.0,0.0,3,8.72,9,0,0.0002,0.0,1.69,0,0.0,0,0,0.0,0.0,0.0,0,0.0,0,0,0.0,-0.0,0.0,0,0.0,0,0,0.0,0.0,0.0,1,Arrow,Samwell Tarly,s4,39
Theon Greyjoy,male,Greyjoy,,Balon Greyjoy,Yara Greyjoy,,0,0,,,,,,9,54.49,39,1,0.0018,0.1676,10.24,8,48.46,17,1,0.0187,0.0007,9.47,6,26.76,2,0,0.0,-0.0,5.11,3,19.85,5,0,0.0,-0.0,3.86,6,27.24,6,1,0.0,0.0,5.17,7,27.09,12,0,0.004,0.0268,5.15,4,42.57,24,0,0.0017,0.2019,10.24,0,,,,67
Thin Man,male,,,,,,0,0,,,,,,0,0.0,0,0,0.0,0.0,0.0,0,0.0,0,0,0.0,0.0,0.0,0,0.0,0,0,0.0,0.0,0.0,0,0.0,0,0,0.0,0.0,0.0,2,3.1,3,0,0.001,-0.0,0.59,0,0.0,0,0,0.0,0.0,0.0,0,0.0,0,0,0.0,-0.0,0.0,0,,,,67
Thoros of Myr,male,,,,,,0,0,,,,,,0,0.0,0,0,0.0,-0.0,0.0,0,0.0,0,0,0.0,-0.0,0.0,6,29.31,7,0,0.0,0.0012,5.6,0,0.0,0,0,0.0,0.0,0.0,0,0.0,0,0,0.0,-0.0,0.0,1,4.7,3,0,0.0,-0.0,0.89,3,28.83,8,0,0.0,0.0627,6.93,1,Frozen,,s7,66
Three-Eyed Raven,male,,,,,,0,0,,,,,,3,1.87,1,0,0.0,0.0008,0.35,0,0.0,0,0,0.0,0.0,0.0,1,1.3,4,0,0.0013,0.0011,0.25,2,1.94,6,0,0.0002,0.0,0.38,0,0.0,0,0,0.0,0.0,0.0,3,17.36,17,0,0.0001,0.0,3.3,0,0.0,0,0,0.0,0.0,0.0,1,Chest stab,The Night King,s6,55
Timett,male,,,,,,0,0,,,,,,2,5.32,6,0,0.0,0.0016,1.0,1,2.13,4,0,0.0,0.0214,0.42,0,0.0,0,0,0.0,-0.0,0.0,0,0.0,0,0,0.0,0.0,0.0,0,0.0,0,0,0.0,-0.0,0.0,0,0.0,0,0,0.0,0.0,0.0,0,0.0,0,0,0.0,0.0,0.0,0,,,,67
Tobho Mott,male,,,,,,0,0,,,,,,1,1.95,2,0,0.0,0.0022,0.37,1,0.38,1,0,0.0,0.0003,0.07,0,0.0,0,0,0.0,0.0,0.0,0,0.0,0,0,0.0,0.0,0.0,0,0.0,0,0,0.0,-0.0,0.0,0,0.0,0,0,0.0,-0.0,0.0,0,0.0,0,0,0.0,-0.0,0.0,0,,,,67
Todder,male,,,,,,0,0,,,,,,0,0.0,0,0,0.0,0.0,0.0,0,0.0,0,0,0.0,-0.0,0.0,1,0.22,1,0,0.0,0.0,0.04,0,0.0,0,0,0.0,0.0,0.0,1,3.73,5,0,0.0,-0.0,0.71,0,0.0,0,0,0.0,0.0,0.0,0,0.0,0,0,0.0,0.0,0.0,0,,,,67
Tomard,male,,,,,,0,0,,,,,,1,3.5,2,0,0.0,0.0064,0.66,0,0.0,0,0,0.0,-0.0,0.0,0,0.0,0,0,0.0,-0.0,0.0,0,0.0,0,0,0.0,0.0,0.0,0,0.0,0,0,0.0,-0.0,0.0,0,0.0,0,0,0.0,-0.0,0.0,0,0.0,0,0,0.0,-0.0,0.0,0,,,,67
Tommen Baratheon,male,Baratheon,Margaery Tyrell,Robert Baratheon;Cersei Lannister;Jaime Lannister,Joffrey Baratheon;Myrcella Baratheon,,1,0,,,,,,4,15.97,28,0,0.0,0.1282,3.0,4,12.08,16,0,0.0124,0.1579,2.36,0,0.0,0,0,0.0,-0.0,0.0,5,28.07,24,0,0.0011,0.1976,5.45,5,16.86,9,0,0.0,0.0,3.2,6,24.59,12,1,0.0015,0.0002,4.68,0,0.0,0,0,0.0,0.0,0.0,1,,Tommen Baratheon,s6,60
Tormund Giantsbane,male,,,,,,0,0,,,,,,0,0.0,0,0,0.0,0.0,0.0,0,0.0,0,0,0.0,0.0,0.0,7,22.97,5,0,0.0,0.0004,4.39,5,16.62,11,0,0.0005,0.0,3.23,5,31.63,22,1,0.0026,-0.0,6.0,7,49.5,23,1,0.0096,0.4059,9.42,4,41.95,21,0,0.0004,0.1047,10.09,0,,,,67
Trystane Martell,male,Martell,Myrcella Baratheon,Doran Martell,,,0,0,,,,,,0,0.0,0,0,0.0,0.0,0.0,0,0.0,0,0,0.0,0.0,0.0,0,0.0,0,0,0.0,0.0,0.0,0,0.0,0,0,0.0,-0.0,0.0,4,10.14,9,0,0.0,-0.0,1.92,1,1.17,2,0,0.0,0.0,0.22,0,0.0,0,0,0.0,-0.0,0.0,1,Face stab,Obara Sand,s6,51
Tycho Nestoris,male,,,,,,0,0,,,,,,0,0.0,0,0,0.0,0.0,0.0,0,0.0,0,0,0.0,0.0,0.0,0,0.0,0,0,0.0,0.0,0.0,1,4.38,2,0,0.0,0.0,0.85,1,2.01,3,0,0.0,0.0,0.38,0,0.0,0,0,0.0,0.0,0.0,2,4.22,1,0,0.0,0.0017,1.01,0,,,,67
Tyene Sand,female,Martell,,Oberyn Martell;Ellaria Sand,,,0,0,,,,,,0,0.0,0,0,0.0,0.0,0.0,0,0.0,0,0,0.0,-0.0,0.0,0,0.0,0,0,0.0,0.0,0.0,0,0.0,0,0,0.0,0.0,0.0,5,13.11,10,0,0.0014,-0.0,2.49,2,3.86,7,1,0.002,0.0,0.73,2,9.98,10,0,0.001,0.0117,2.4,1,Poison,Cersei Lannister,s7,63
Tyrion Lannister,male,Lannister,Sansa Stark,Tywin Lannister,Cersei Lannister;Jaime Lannister,,0,0,,,,,,9,81.73,42,0,0.0259,0.0587,15.36,10,87.63,24,0,0.0011,0.4518,17.13,9,69.09,18,0,0.0003,0.0,13.2,8,91.32,31,2,0.0009,0.3553,17.74,10,74.49,11,0,0.0003,0.4108,14.14,8,47.53,14,0,0.0,0.001,9.04,7,97.5,28,0,0.0,0.3297,23.45,0,,,,67
Tywin Lannister,male,Lannister,,,,Jaime Lannister;Cersei Lannister;Tyrion Lannister,0,0,,,Gregor Clegane,,Robert Baratheon,4,14.71,9,0,0.0009,0.0042,2.77,7,21.3,16,0,0.0186,0.0362,4.16,8,36.95,12,0,0.0,0.0,7.06,7,68.33,27,0,0.001,0.3695,13.27,1,2.27,2,0,0.0124,-0.0,0.43,0,0.0,0,0,0.0,-0.0,0.0,0,0.0,0,0,0.0,-0.0,0.0,1,,Tyrion Lannister,s5,41
Vala,female,,,,,,0,0,,,,,,0,0.0,0,0,0.0,-0.0,0.0,0,0.0,0,0,0.0,-0.0,0.0,0,0.0,0,0,0.0,0.0,0.0,0,0.0,0,0,0.0,0.0,0.0,2,2.8,0,0,0.0,0.0,0.53,1,3.68,1,0,0.0,0.0,0.7,0,0.0,0,0,0.0,0.0,0.0,0,,,,67
Vardis Egen,male,,,,,,0,0,,,,,,2,13.18,7,0,0.0,0.0187,2.48,0,0.0,0,0,0.0,0.0,0.0,0,0.0,0,0,0.0,0.0,0.0,0,0.0,0,0,0.0,-0.0,0.0,0,0.0,0,0,0.0,-0.0,0.0,0,0.0,0,0,0.0,-0.0,0.0,0,0.0,0,0,0.0,0.0,0.0,1,Neck stab,Bronn,s1,6
Varly,male,,,,,,0,0,,,,,,1,0.33,3,0,0.0145,0.0007,0.06,0,0.0,0,0,0.0,0.0,0.0,0,0.0,0,0,0.0,0.0,0.0,0,0.0,0,0,0.0,-0.0,0.0,0,0.0,0,0,0.0,-0.0,0.0,0,0.0,0,0,0.0,0.0,0.0,0,0.0,0,0,0.0,-0.0,0.0,0,,,,67
Viserion,male,Targaryen,,,Drogon;Rhaegal,,0,0,Daenerys Targaryen,,,,,5,21.14,13,0,0.003,0.0001,3.97,3,5.89,9,0,0.0002,0.0,1.15,4,5.12,9,0,0.0001,0.0,0.98,2,4.04,4,0,0.0,-0.0,0.78,2,3.18,11,0,0.0009,0.021,0.6,3,6.02,7,0,0.0,0.0003,1.15,6,9.41,16,0,0.0016,0.0196,2.26,1,,The Night King,s7,67
Viserys Targaryen,male,Targaryen,,Rhaella Targaryen;Aerys II Targaryen,Daenerys Targaryen;Rhaegar Targaryen,,1,0,,,,,,5,36.58,13,0,0.0001,0.0001,6.88,0,0.0,0,0,0.0,-0.0,0.0,0,0.0,0,0,0.0,0.0,0.0,0,0.0,0,0,0.0,0.0,0.0,0,0.0,0,0,0.0,0.0,0.0,0,0.0,0,0,0.0,0.0,0.0,0,0.0,0,0,0.0,0.0,0.0,1,Molten gold,Khal Drogo,s1,6
Walda Bolton,female,Bolton;Frey,Roose Bolton,,,,0,0,,,,,,0,0.0,0,0,0.0,-0.0,0.0,0,0.0,0,0,0.0,-0.0,0.0,0,0.0,0,0,0.0,-0.0,0.0,1,0.6,3,0,0.0027,-0.0,0.12,3,7.77,6,0,0.0,0.0,1.47,1,2.87,1,0,0.0,0.0031,0.55,0,0.0,0,0,0.0,0.0,0.0,1,Mauling,Ramsay Snow,s6,52
Walder Frey,male,Frey,Joyeuse Erenford;Kitty Frey,,,Black Walder Rivers;Lothar Frey;Roslin Frey;Ryger Rivers,0,0,,,,,,1,3.48,4,0,0.0,0.002,0.65,0,0.0,0,0,0.0,0.0,0.0,2,16.75,11,0,0.0,0.2527,3.2,0,0.0,0,0,0.0,-0.0,0.0,0,0.0,0,0,0.0,0.0,0.0,2,7.2,6,0,0.0241,0.0001,1.37,1,3.16,1,0,0.0,0.0,0.76,1,Throat slash,Arya Stark,s6,60
Wallen,male,,,,,,0,0,,,,,,1,3.45,5,0,0.0,0.0049,0.65,0,0.0,0,0,0.0,-0.0,0.0,0,0.0,0,0,0.0,-0.0,0.0,0,0.0,0,0,0.0,-0.0,0.0,0,0.0,0,0,0.0,0.0,0.0,0,0.0,0,0,0.0,-0.0,0.0,0,0.0,0,0,0.0,-0.0,0.0,1,Throat slash,Robb Stark,s1,6
Warlock,male,,,,,,0,0,,,,,,0,0.0,0,0,0.0,0.0,0.0,0,0.0,0,0,0.0,0.0,0.0,1,1.8,3,0,0.0,0.0,0.34,0,0.0,0,0,0.0,0.0,0.0,0,0.0,0,0,0.0,0.0,0.0,0,0.0,0,0,0.0,0.0,0.0,0,0.0,0,0,0.0,-0.0,0.0,0,,,,67
Waymar Royce,male,,,Yohn Royce,,,0,0,,,,,,1,5.1,3,0,0.0,0.0005,0.96,0,0.0,0,0,0.0,0.0,0.0,0,0.0,0,0,0.0,-0.0,0.0,0,0.0,0,0,0.0,0.0,0.0,0,0.0,0,0,0.0,0.0,0.0,0,0.0,0,0,0.0,0.0,0.0,0,0.0,0,0,0.0,-0.0,0.0,1,Back stab,White Walker,s1,1
Wedding Band,,,,,,,0,0,,,,,,0,0.0,0,0,0.0,0.0,0.0,0,0.0,0,0,0.0,0.0,0.0,0,0.0,0,0,0.0,0.0,0.0,0,0.0,0,0,0.0,0.0,0.0,0,0.0,0,0,0.0,-0.0,0.0,0,0.0,0,0,0.0,0.0,0.0,0,0.0,0,0,0.0,-0.0,0.0,0,,,,67
White Walker,male,,,,,,0,0,,,,,,1,1.31,3,2,0.0035,0.0001,0.25,2,2.16,3,0,0.0002,0.0,0.42,2,2.88,8,0,0.0005,0.0,0.55,2,3.04,5,0,0.0008,0.0,0.59,1,2.4,4,1,0.0012,-0.0,0.46,1,1.07,7,0,0.004,0.0,0.2,3,7.23,12,0,0.0021,0.0107,1.74,1,Chest stab,Meera Reed,s6,55
White Walker #2,,,,,,,0,0,,,,,,0,0.0,0,0,0.0,0.0,0.0,0,0.0,0,0,0.0,0.0,0.0,0,0.0,0,0,0.0,-0.0,0.0,0,0.0,0,0,0.0,-0.0,0.0,0,0.0,0,0,0.0,0.0,0.0,0,0.0,0,0,0.0,0.0,0.0,0,0.0,0,0,0.0,0.0,0.0,0,,,,67
Wight Wildling Girl,female,,,,,,0,0,,,,,,1,0.29,1,0,0.0,0.0,0.05,0,0.0,0,0,0.0,0.0,0.0,0,0.0,0,0,0.0,-0.0,0.0,1,0.57,4,0,0.0001,0.0,0.11,0,0.0,0,0,0.0,0.0,0.0,0,0.0,0,0,0.0,0.0,0.0,0,0.0,0,0,0.0,0.0,0.0,1,,,s1,1
Wildling Rioter,male,,,,,,0,0,,,,,,0,0.0,0,0,0.0,0.0,0.0,0,0.0,0,0,0.0,-0.0,0.0,0,0.0,0,0,0.0,-0.0,0.0,0,0.0,0,0,0.0,0.0,0.0,0,0.0,0,0,0.0,-0.0,0.0,1,0.38,4,0,0.0,0.0032,0.07,0,0.0,0,0,0.0,-0.0,0.0,0,,,,67
Will,male,,,,,,0,0,,,,,,1,12.72,16,0,0.0069,0.0318,2.39,0,0.0,0,0,0.0,-0.0,0.0,0,0.0,0,0,0.0,0.0,0.0,0,0.0,0,0,0.0,-0.0,0.0,0,0.0,0,0,0.0,-0.0,0.0,0,0.0,0,0,0.0,0.0,0.0,0,0.0,0,0,0.0,0.0,0.0,1,Decapitation,Eddard Stark,s1,1
Willem Lannister,male,Lannister,,Kevan Lannister,Lancel Lannister;Martyn Lannister,,0,0,,,,,,0,0.0,0,0,0.0,0.0,0.0,0,0.0,0,0,0.0,0.0,0.0,2,1.26,3,0,0.0001,0.0029,0.24,0,0.0,0,0,0.0,-0.0,0.0,0,0.0,0,0,0.0,0.0,0.0,0,0.0,0,0,0.0,0.0,0.0,0,0.0,0,0,0.0,0.0,0.0,1,Throat slash,Rickard Karstark,s3,25
Willis Wode,,,,,,,0,0,,,,,,0,0.0,0,0,0.0,0.0,0.0,0,0.0,0,0,0.0,-0.0,0.0,0,0.0,0,0,0.0,0.0,0.0,0,0.0,0,0,0.0,0.0,0.0,0,0.0,0,0,0.0,0.0,0.0,0,0.0,0,0,0.0,-0.0,0.0,0,0.0,0,0,0.0,0.0,0.0,0,,,,67
Wine Merchant,male,,,,,,0,0,,,,,,1,7.18,7,0,0.0002,0.0,1.35,0,0.0,0,0,0.0,-0.0,0.0,0,0.0,0,0,0.0,0.0,0.0,0,0.0,0,0,0.0,0.0,0.0,0,0.0,0,0,0.0,-0.0,0.0,0,0.0,0,0,0.0,-0.0,0.0,0,0.0,0,0,0.0,-0.0,0.0,0,,,,67
Winterfell Shepherd,male,,,,,,0,0,,,,,,0,0.0,0,0,0.0,0.0,0.0,2,2.58,6,0,0.0047,0.0,0.5,0,0.0,0,0,0.0,-0.0,0.0,0,0.0,0,0,0.0,-0.0,0.0,0,0.0,0,0,0.0,0.0,0.0,0,0.0,0,0,0.0,-0.0,0.0,0,0.0,0,0,0.0,0.0,0.0,0,,,,67
Wun Wun,male,,,,,,0,0,,,,,,0,0.0,0,0,0.0,0.0,0.0,0,0.0,0,0,0.0,0.0,0.0,0,0.0,0,0,0.0,0.0,0.0,0,0.0,0,0,0.0,-0.0,0.0,2,12.64,9,0,0.0078,-0.0,2.4,3,11.78,11,0,0.0013,0.104,2.24,0,0.0,0,0,0.0,0.0,0.0,1,Arrow,Ramsay Snow,s6,59
Wyllis,male,,,,,,0,0,,,,,,0,0.0,0,0,0.0,0.0,0.0,0,0.0,0,0,0.0,0.0,0.0,0,0.0,0,0,0.0,0.0,0.0,0,0.0,0,0,0.0,-0.0,0.0,0,0.0,0,0,0.0,0.0,0.0,2,2.26,8,0,0.0,0.0,0.43,0,0.0,0,0,0.0,-0.0,0.0,0,,,,67
Xaro Xhoan Daxos,male,,,,,,0,0,,,,,,0,0.0,0,0,0.0,-0.0,0.0,5,20.71,11,0,0.0001,0.0,4.05,0,0.0,0,0,0.0,0.0,0.0,0,0.0,0,0,0.0,-0.0,0.0,0,0.0,0,0,0.0,-0.0,0.0,0,0.0,0,0,0.0,0.0,0.0,0,0.0,0,0,0.0,0.0,0.0,1,Safe,Daenerys Targaryen,s2,20
Yara Greyjoy,female,Greyjoy,,Balon Greyjoy,Theon Greyjoy,,0,0,,,,,,0,0.0,0,0,0.0,0.0,0.0,4,14.77,5,0,0.0,0.0001,2.89,1,3.15,1,0,0.0,-0.0,0.6,1,4.36,2,0,0.0,0.0,0.85,0,0.0,0,0,0.0,0.0,0.0,6,23.21,10,0,0.002,0.0031,4.42,2,12.6,14,0,0.0,0.0213,3.03,0,,,,67
Yezzan zo Qaggaz,male,,,,,,0,0,,,,,,0,0.0,0,0,0.0,0.0,0.0,0,0.0,0,0,0.0,0.0,0.0,0,0.0,0,0,0.0,-0.0,0.0,0,0.0,0,0,0.0,0.0,0.0,2,7.84,5,0,0.0002,0.0572,1.49,2,7.18,7,0,0.0,0.0001,1.37,0,0.0,0,0,0.0,0.0,0.0,0,,,,67
Ygritte,female,,Jon Snow,,,,0,0,,,,,,0,0.0,0,0,0.0,0.0,0.0,4,22.61,3,0,0.0,-0.0,4.42,8,38.52,6,0,0.0,0.0005,7.36,5,17.48,12,1,0.0,0.0,3.4,0,0.0,0,0,0.0,-0.0,0.0,0,0.0,0,0,0.0,0.0,0.0,0,0.0,0,0,0.0,0.0,0.0,1,,Olly,s4,40
Yohn Royce,male,,,,,Waymar Royce,0,0,,,,,,0,0.0,0,0,0.0,-0.0,0.0,0,0.0,0,0,0.0,0.0,0.0,0,0.0,0,0,0.0,-0.0,0.0,1,8.3,2,0,0.0,0.0032,1.61,1,1.24,3,0,0.0003,0.0,0.24,2,7.8,8,0,0.0,0.0614,1.48,5,17.08,13,0,0.0,0.0261,4.11,0,,,,67
Yoren,male,,,,,,0,0,,,,,,5,20.37,26,0,0.0046,0.0604,3.83,2,9.41,7,0,0.0001,0.0032,1.84,0,0.0,0,0,0.0,-0.0,0.0,0,0.0,0,0,0.0,0.0,0.0,0,0.0,0,0,0.0,0.0,0.0,0,0.0,0,0,0.0,0.0,0.0,0,0.0,0,0,0.0,0.0,0.0,1,,Amory Lorch,s2,13
Young Benjen Stark,male,Stark,,,,,0,0,,,,,,0,0.0,0,0,0.0,0.0,0.0,0,0.0,0,0,0.0,0.0,0.0,0,0.0,0,0,0.0,-0.0,0.0,0,0.0,0,0,0.0,0.0,0.0,0,0.0,0,0,0.0,-0.0,0.0,2,2.3,7,0,0.0,0.0,0.44,0,0.0,0,0,0.0,-0.0,0.0,0,,,,67
Young Cersei Lannister,female,Lannister,,,,,0,0,,,,,,0,0.0,0,0,0.0,-0.0,0.0,0,0.0,0,0,0.0,-0.0,0.0,0,0.0,0,0,0.0,0.0,0.0,0,0.0,0,0,0.0,-0.0,0.0,1,4.17,1,0,0.0,-0.0,0.79,0,0.0,0,0,0.0,0.0,0.0,0,0.0,0,0,0.0,0.0,0.0,0,,,,67
Young Lyanna Stark,female,Stark,,,,,0,0,,,,,,0,0.0,0,0,0.0,-0.0,0.0,0,0.0,0,0,0.0,-0.0,0.0,0,0.0,0,0,0.0,-0.0,0.0,0,0.0,0,0,0.0,-0.0,0.0,0,0.0,0,0,0.0,0.0,0.0,1,1.4,7,0,0.0,0.0,0.27,0,0.0,0,0,0.0,-0.0,0.0,0,,,,67
Young Nan,female,,,,,,0,0,,,,,,0,0.0,0,0,0.0,-0.0,0.0,0,0.0,0,0,0.0,0.0,0.0,0,0.0,0,0,0.0,0.0,0.0,0,0.0,0,0,0.0,0.0,0.0,0,0.0,0,0,0.0,-0.0,0.0,2,1.15,8,0,0.004,0.0,0.22,0,0.0,0,0,0.0,-0.0,0.0,0,,,,67
Young Ned,,Stark,,,,,0,0,,,,,,0,0.0,0,0,0.0,0.0,0.0,0,0.0,0,0,0.0,0.0,0.0,0,0.0,0,0,0.0,0.0,0.0,0,0.0,0,0,0.0,-0.0,0.0,0,0.0,0,0,0.0,-0.0,0.0,0,0.0,0,0,0.0,-0.0,0.0,0,0.0,0,0,0.0,-0.0,0.0,0,,,,67
Young Ned Stark,male,Stark,,,,,0,0,,,,,,0,0.0,0,0,0.0,0.0,0.0,0,0.0,0,0,0.0,0.0,0.0,0,0.0,0,0,0.0,-0.0,0.0,0,0.0,0,0,0.0,0.0,0.0,0,0.0,0,0,0.0,0.0,0.0,5,10.68,16,2,0.0046,0.0,2.03,1,0.33,2,0,0.0008,0.0,0.08,0,,,,67
Young Rodrik Cassel,male,,,,,,0,0,,,,,,0,0.0,0,0,0.0,0.0,0.0,0,0.0,0,0,0.0,0.0,0.0,0,0.0,0,0,0.0,-0.0,0.0,0,0.0,0,0,0.0,0.0,0.0,0,0.0,0,0,0.0,0.0,0.0,2,1.68,8,0,0.0,0.0,0.32,0,0.0,0,0,0.0,0.0,0.0,0,,,,67
Zanrush,male,,,,,,0,0,,,,,,0,0.0,0,0,0.0,0.0,0.0,0,0.0,0,0,0.0,-0.0,0.0,0,0.0,0,0,0.0,0.0,0.0,0,0.0,0,0,0.0,0.0,0.0,0,0.0,0,0,0.0,0.0,0.0,2,5.09,3,0,0.0,0.0,0.97,0,0.0,0,0,0.0,0.0,0.0,0,,,,67
